"id","product_id","color_id","price","size","material","cargo_price","tax_percent","sell_count","live","image","thumb"
1,82,13,170,"US 10","Leather",0,0,0,0,"https://cdn.theluxurycloset.com/uploads/products/full/luxury-men-nike-used-shoes-p231995-008.jpg","https://cdn.theluxurycloset.com/uploads/products/full/luxury-men-nike-used-shoes-p231995-008.jpg"
2,11,2,180,"US 9.5","Primeknit",0,0,0,0,"http://www.expresstrainers.com/ebayimages/AD138784-adidas-ultra-boost-side.jpg","http://www.expresstrainers.com/ebayimages/AD138784-adidas-ultra-boost-side.jpg"
3,113,14,75,"US 11","Leather",0,0,0,0,"http://demandware.edgesuite.net/sits_pod27/dw/image/v2/AAJP_PRD/on/demandware.static/-/Sites-reebok-products/default/dw3ef1e35a/zoom/2214_01.jpg?sw=2000&amp;sfrm=jpg","http://demandware.edgesuite.net/sits_pod27/dw/image/v2/AAJP_PRD/on/demandware.static/-/Sites-reebok-products/default/dw3ef1e35a/zoom/2214_01.jpg?sw=2000&amp;sfrm=jpg"
4,40,9,55,"US 8","Canvas",0,0,0,0,"https://cdna.lystit.com/photos/allikestore/42fa9b10/converse--Chuck-Taylor-70-Hi.jpeg","https://cdna.lystit.com/photos/allikestore/42fa9b10/converse--Chuck-Taylor-70-Hi.jpeg"
5,103,11,80,"US 7.5","Mesh",0,0,0,0,"https://cdn.shopify.com/s/files/1/0025/4823/6334/products/37330401_future_rider_x_ctm_p_pale_pink_pale_pink_01_1920x.jpg?v=1587098168","https://cdn.shopify.com/s/files/1/0025/4823/6334/products/37330401_future_rider_x_ctm_p_pale_pink_pale_pink_01_1920x.jpg?v=1587098168"
6,154,2,65,"US 8.5","Suede/Canvas",0,0,0,0,"https://cdn.shopify.com/s/files/1/0481/5961/products/C58EA9CE-3B3F-4834-8B6B-4BA2E679C1EC_2048x2048.jpeg?v=1538155606","https://cdn.shopify.com/s/files/1/0481/5961/products/C58EA9CE-3B3F-4834-8B6B-4BA2E679C1EC_2048x2048.jpeg?v=1538155606"
7,66,6,175,"US 6.5","Suede/Mesh",0,0,0,0,"https://cdna.lystit.com/photos/stockx/e15146a6/new-balance-Grey-990v5.jpeg","https://cdna.lystit.com/photos/stockx/e15146a6/new-balance-Grey-990v5.jpeg"
8,26,3,160,"US 10.5","Mesh",0,0,0,0,"https://www.northshoes.co.uk/images/asics-gel-kayano-28-french-blue-electric-blue-mesh-mens-lace-up-running-trainers-p25050-115134_image.jpg","https://www.northshoes.co.uk/images/asics-gel-kayano-28-french-blue-electric-blue-mesh-mens-lace-up-running-trainers-p25050-115134_image.jpg"
9,48,14,65,"US 9","Leather/Synthetic",0,0,0,0,"https://cdna.lystit.com/photos/dsw/e6f5b6e2/fila-White-Disruptor-Ii-Premium-Sneaker.jpeg","https://cdna.lystit.com/photos/dsw/e6f5b6e2/fila-White-Disruptor-Ii-Premium-Sneaker.jpeg"
10,143,2,110,"US 9","Mesh",0,0,0,0,"https://static.clube.netshoes.com.br/produtos/tenis-skechers-go-run-razor-3-masculino/06/EUZ-1775-006/EUZ-1775-006_zoom1.jpg?ts=1608146897&amp;","https://static.clube.netshoes.com.br/produtos/tenis-skechers-go-run-razor-3-masculino/06/EUZ-1775-006/EUZ-1775-006_zoom1.jpg?ts=1608146897&amp;"
11,84,11,150,"US 7","Mesh",0,0,0,0,"https://images.asos-media.com/products/nike-air-max-270-trainers-in-pink-tones/22450048-1-summitwhite?$n_640w$&amp;wid=513&amp;fit=constrain","https://images.asos-media.com/products/nike-air-max-270-trainers-in-pink-tones/22450048-1-summitwhite?$n_640w$&amp;wid=513&amp;fit=constrain"
12,9,14,80,"US 9","Leather",0,0,0,0,"http://www.80scasualclassics.co.uk/images/adidas-stan-smith-trainers-white-green-p1388-64677_image.jpg","http://www.80scasualclassics.co.uk/images/adidas-stan-smith-trainers-white-green-p1388-64677_image.jpg"
13,116,11,70,"US 8.5","Leather",0,0,0,0,"https://cdna.lystit.com/1200/630/tr/photos/lvr/dd059616/reebok-Pink-Club-C-85-Fbt-Leather-Sneakers.jpeg","https://cdna.lystit.com/1200/630/tr/photos/lvr/dd059616/reebok-Pink-Club-C-85-Fbt-Leather-Sneakers.jpeg"
14,43,2,75,"US 10","Suede",0,0,0,0,"https://cdnc.lystit.com/photos/jdsports/f1113a2e/converse-BlackWhite-One-Star-Suede.jpeg","https://cdnc.lystit.com/photos/jdsports/f1113a2e/converse-BlackWhite-One-Star-Suede.jpeg"
15,105,15,110,"US 9.5","Leather/Synthetic",0,0,0,0,"https://cdna.lystit.com/1200/630/tr/photos/farfetch/b9041c41/puma-yellow-Rs-z-Leather-Sneakers.jpeg","https://cdna.lystit.com/1200/630/tr/photos/farfetch/b9041c41/puma-yellow-Rs-z-Leather-Sneakers.jpeg"
16,151,14,50,"US 6","Canvas",0,0,0,0,"https://scene7.zumiez.com/is/image/zumiez/image/Vans-Authentic-White-Canvas-Skate-Shoes-_135644.jpg","https://scene7.zumiez.com/is/image/zumiez/image/Vans-Authentic-White-Canvas-Skate-Shoes-_135644.jpg"
17,67,3,150,"US 11.5","Mesh",0,0,0,0,"https://www.pinoyfitness.com/wp-content/uploads/2021/03/nb-freshfoam-1080-12-1440x960.jpg","https://www.pinoyfitness.com/wp-content/uploads/2021/03/nb-freshfoam-1080-12-1440x960.jpg"
18,29,12,150,"US 8","Mesh",0,0,0,0,"https://www.runpack.fr/wp-content/uploads/2020/12/asics-gel-nimbus-23-1.png","https://www.runpack.fr/wp-content/uploads/2020/12/asics-gel-nimbus-23-1.png"
19,55,2,70,"US 10","Synthetic",0,0,0,0,"https://d2ob0iztsaxy5v.cloudfront.net/product/343410/3434107060_zm.jpg","https://d2ob0iztsaxy5v.cloudfront.net/product/343410/3434107060_zm.jpg"
20,132,6,70,"US 7.5","Mesh",0,0,0,0,"https://www.mr-shoes.co.uk/images/womens-skechers-arch-fit-comfort-support-grey-walking-trainers-shoes-p1795-2644_image.jpg","https://www.mr-shoes.co.uk/images/womens-skechers-arch-fit-comfort-support-grey-walking-trainers-shoes-p1795-2644_image.jpg"
21,81,14,90,"US 10","Leather",0,0,0,0,"https://cdna.lystit.com/photos/offspring/1844911642-White-a684b263-.jpeg","https://cdna.lystit.com/photos/offspring/1844911642-White-a684b263-.jpeg"
22,8,2,140,"US 8.5","Primeknit",0,0,0,0,"https://sneakernews.com/wp-content/uploads/2017/03/adidas-nmd-r1-primeknit-bb2364-1.jpg?w=940","https://sneakernews.com/wp-content/uploads/2017/03/adidas-nmd-r1-primeknit-bb2364-1.jpg?w=940"
23,128,14,120,"US 11","Mesh",0,0,0,0,"https://i8.amplience.net/i/jpl/jd_346905_a?qlt=92","https://i8.amplience.net/i/jpl/jd_346905_a?qlt=92"
24,41,9,65,"US 7.5","Canvas",0,0,0,0,"https://images.esellerpro.com/2244/I/444/55/Converse Canvas Low Navy White.jpg","https://images.esellerpro.com/2244/I/444/55/Converse Canvas Low Navy White.jpg"
25,99,2,80,"US 9.5","Mesh",0,0,0,0,"https://cdn.sneakerbaron.nl/uploads/2021/09/04071628/women8217s-puma-calibrate-luxe--blackwhite-19482701-26.png","https://cdn.sneakerbaron.nl/uploads/2021/09/04071628/women8217s-puma-calibrate-luxe--blackwhite-19482701-26.png"
26,156,2,70,"US 8","Suede/Canvas",0,0,0,0,"https://images.vans.com/is/image/VansEU/VN0A4BTW5ZN-HERO?$PDP-FULL-IMAGE$","https://images.vans.com/is/image/VansEU/VN0A4BTW5ZN-HERO?$PDP-FULL-IMAGE$"
27,62,3,90,"US 10","Suede/Mesh",0,0,0,0,"https://sneakernews.com/wp-content/uploads/2020/07/new-balance-327-orange-blue-1.jpg?w=1140","https://sneakernews.com/wp-content/uploads/2020/07/new-balance-327-orange-blue-1.jpg?w=1140"
28,32,6,120,"US 9","Mesh/Synthetic",0,0,0,0,"https://i5.walmartimages.com/asr/18ea4399-ff56-406b-a3d2-44b058a8d3a1_1.1d88b734ac7d43c8517c4cf8a4efc5ef.jpeg","https://i5.walmartimages.com/asr/18ea4399-ff56-406b-a3d2-44b058a8d3a1_1.1d88b734ac7d43c8517c4cf8a4efc5ef.jpeg"
29,52,14,75,"US 8.5","Leather/Synthetic",0,0,0,0,"https://www.prodirectsoccer.com/ProductImages/Gallery_2/V3_1_Gallery_2_0342454.jpg","https://www.prodirectsoccer.com/ProductImages/Gallery_2/V3_1_Gallery_2_0342454.jpg"
30,134,2,65,"US 7","Synthetic",0,0,0,0,"https://images-na.ssl-images-amazon.com/images/I/61psHJI-llL._AC_UX695_.jpg","https://images-na.ssl-images-amazon.com/images/I/61psHJI-llL._AC_UX695_.jpg"
31,83,6,150,"US 9","Mesh",0,0,0,0,"https://www.sneakerfiles.com/wp-content/uploads/2021/02/nike-air-max-2090-cool-grey-cz1708-001-release-date-info-1068x719.jpg","https://www.sneakerfiles.com/wp-content/uploads/2021/02/nike-air-max-2090-cool-grey-cz1708-001-release-date-info-1068x719.jpg"
32,3,3,170,"US 7.5","Mesh",0,0,0,0,"https://www.runnerinn.com/f/13738/137385443_6/adidas-adizero-adios-5.jpg","https://www.runnerinn.com/f/13738/137385443_6/adidas-adizero-adios-5.jpg"
33,121,2,130,"US 10","Mesh/Synthetic",0,0,0,0,"https://www.prodirectcricket.com/productimages/Gallery_2/218562_Gallery_2_0645858.jpg","https://www.prodirectcricket.com/productimages/Gallery_2/218562_Gallery_2_0645858.jpg"
34,38,11,85,"US 9","Canvas",0,0,0,0,"https://media2.fenom.com/76647/converse-chuck-70-high-recycled-canvas-pink-aura.jpg","https://media2.fenom.com/76647/converse-chuck-70-high-recycled-canvas-pink-aura.jpg"
35,104,2,90,"US 9","Synthetic",0,0,0,0,"https://houseofheat.co/app/uploads/2020/02/PUMA-Future-Rider-Play-On-371149-01-1.jpg","https://houseofheat.co/app/uploads/2020/02/PUMA-Future-Rider-Play-On-371149-01-1.jpg"
36,158,2,50,"US 7","Canvas",0,0,0,0,"https://www.millarsshoestore.com/images/products/1554919915-72067700.png","https://www.millarsshoestore.com/images/products/1554919915-72067700.png"
37,63,2,80,"US 9","Suede/Textile",0,0,0,0,"https://cdna.lystit.com/photos/jdsports/4c2068b2/new-balance-Dark-GreyBlack-574.jpeg","https://cdna.lystit.com/photos/jdsports/4c2068b2/new-balance-Dark-GreyBlack-574.jpeg"
38,24,12,160,"US 8.5","Mesh/Synthetic",0,0,0,0,"https://runningmagazine.ca/wp-content/uploads/2020/06/ASICS_GEL-KAYANO-27_ProductImage_FW_W_1012A649_300_SB_FR-2048x1135.png","https://runningmagazine.ca/wp-content/uploads/2020/06/ASICS_GEL-KAYANO-27_ProductImage_FW_W_1012A649_300_SB_FR-2048x1135.png"
39,60,14,65,"US 9.5","Leather/Synthetic",0,0,0,0,"https://s7g10.scene7.com/is/image/UrbanOutfittersEU/0315092941961_010_b?$xlarge$&amp;fit=constrain&amp;qlt=80&amp;wid=640","https://s7g10.scene7.com/is/image/UrbanOutfittersEU/0315092941961_010_b?$xlarge$&amp;fit=constrain&amp;qlt=80&amp;wid=640"
40,144,2,60,"US 7.5","Mesh",0,0,0,0,"https://images.awsmcdn.com/product/7a9/278/s2000/skechers-go-walk-5-black-white-mesh.jpg","https://images.awsmcdn.com/product/7a9/278/s2000/skechers-go-walk-5-black-white-mesh.jpg"
41,81,14,90,"US 11","Leather",0,0,0,0,"https://cdnc.lystit.com/photos/offspring/1844911642-White-5b5df8b2-.jpeg","https://cdnc.lystit.com/photos/offspring/1844911642-White-5b5df8b2-.jpeg"
42,8,2,140,"US 9","Knit",0,0,0,0,"https://www.snkr.eu/wp-content/uploads/2017/08/BZ0220-adidas-NMD_R1-Primeknit-Triple-Black-1.jpg","https://www.snkr.eu/wp-content/uploads/2017/08/BZ0220-adidas-NMD_R1-Primeknit-Triple-Black-1.jpg"
43,128,14,120,"US 9.5","Mesh",0,0,0,0,"https://assets.laboutiqueofficielle.com/w_1100,q_auto,f_auto/media/products/2021/02/17/reebok_253359_FX9341_20210222T161505_01.jpg","https://assets.laboutiqueofficielle.com/w_1100,q_auto,f_auto/media/products/2021/02/17/reebok_253359_FX9341_20210222T161505_01.jpg"
44,41,14,65,"US 10","Canvas",0,0,0,0,"https://cdna.lystit.com/photos/spartoo/751e6080/converse-white-Jack-Purcell-Canvas-Trainer-White-Mens-Shoes-trainers-In-White.jpeg","https://cdna.lystit.com/photos/spartoo/751e6080/converse-white-Jack-Purcell-Canvas-Trainer-White-Mens-Shoes-trainers-In-White.jpeg"
45,110,1,65,"US 8.5","Suede",0,0,0,0,"http://www.sneakers-actus.fr/wp-content/uploads/2011/03/puma-suede-classic-beige.jpg","http://www.sneakers-actus.fr/wp-content/uploads/2011/03/puma-suede-classic-beige.jpg"
46,156,2,70,"US 8","Suede/Canvas",0,0,0,0,"https://d2ob0iztsaxy5v.cloudfront.net/product/197370/1973707250m8_zm.jpg","https://d2ob0iztsaxy5v.cloudfront.net/product/197370/1973707250m8_zm.jpg"
47,61,10,100,"US 7.5","Suede/Mesh",0,0,0,0,"https://cdna.lystit.com/1200/630/tr/photos/lvr/81e4e2b8/new-balance-Orange-327-Suede-Mesh-Sneakers.jpeg","https://cdna.lystit.com/1200/630/tr/photos/lvr/81e4e2b8/new-balance-Orange-327-Suede-Mesh-Sneakers.jpeg"
48,26,14,160,"US 7","Mesh",0,0,0,0,"https://media.runnerclick.com/wp-content/uploads/2021/08/Screen-Shot-2021-08-12-at-11.43.02-AM-slider1400x900.jpg","https://media.runnerclick.com/wp-content/uploads/2021/08/Screen-Shot-2021-08-12-at-11.43.02-AM-slider1400x900.jpg"
49,53,14,70,"US 11","Leather",0,0,0,0,"https://i5.walmartimages.com/asr/b9f017cd-51aa-456a-a247-520d3daa9174_1.d295e883f214869046ab1d3d20cb872e.jpeg","https://i5.walmartimages.com/asr/b9f017cd-51aa-456a-a247-520d3daa9174_1.d295e883f214869046ab1d3d20cb872e.jpeg"
50,144,2,60,"US 8","Mesh",0,0,0,0,"https://www.beggshoes.com/images/products/verylarge/skechers-go-walk-5-mesh-15901-bbk-black-trainers-1616512106-666590107-01.jpg","https://www.beggshoes.com/images/products/verylarge/skechers-go-walk-5-mesh-15901-bbk-black-trainers-1616512106-666590107-01.jpg"
51,91,6,100,"US 10","Mesh",0,0,0,0,"https://i5.walmartimages.com/asr/481bfb90-86a1-48b7-841a-4b79e0701d62_1.3cead9e5997bbf29de369e990a3273a4.jpeg","https://i5.walmartimages.com/asr/481bfb90-86a1-48b7-841a-4b79e0701d62_1.3cead9e5997bbf29de369e990a3273a4.jpeg"
52,1,2,35,"US 6","Synthetic",0,0,0,0,"https://cdna.lystit.com/photos/zappos/b0d5f79f/adidas-Core-Black-Adilette-Cloudfoam-Explorer.jpeg","https://cdna.lystit.com/photos/zappos/b0d5f79f/adidas-Core-Black-Adilette-Cloudfoam-Explorer.jpeg"
53,122,2,130,"US 10.5","Mesh",0,0,0,0,"https://www.mandellossports.gr/image/cache/catalog/media/catalog/product/f/u/fu7564-_1_-1500x1500.jpg","https://www.mandellossports.gr/image/cache/catalog/media/catalog/product/f/u/fu7564-_1_-1500x1500.jpg"
54,38,11,85,"US 7.5","Canvas",0,0,0,0,"https://cdna.lystit.com/photos/converse/263acce0/converse-Pink-Chuck-70-High-Top.jpeg","https://cdna.lystit.com/photos/converse/263acce0/converse-Pink-Chuck-70-High-Top.jpeg"
55,101,2,130,"US 9.5","Leather",0,0,0,0,"https://assets.solesense.com/en/images/products/500/puma-clyde-all-pro-black-high-risk-red-194039-05_1.jpg","https://assets.solesense.com/en/images/products/500/puma-clyde-all-pro-black-high-risk-red-194039-05_1.jpg"
56,153,14,55,"US 6.5","Canvas",0,0,0,0,"https://cdn.shopify.com/s/files/1/1202/6102/products/vans-era-true-white-2.jpeg?v=1461965593","https://cdn.shopify.com/s/files/1/1202/6102/products/vans-era-true-white-2.jpeg?v=1461965593"
57,72,2,165,"US 12","Mesh",0,0,0,0,"https://runningnw.com/wp-content/uploads/2020/05/New_Balance_Fresh_Foam_More_v2_13.jpg","https://runningnw.com/wp-content/uploads/2020/05/New_Balance_Fresh_Foam_More_v2_13.jpg"
58,19,3,120,"US 7","Mesh",0,0,0,0,"https://photo1.i-run.fr/asics-gt-2000-10-mk-m-chaussures-homme-583497-1-sz.jpg","https://photo1.i-run.fr/asics-gt-2000-10-mk-m-chaussures-homme-583497-1-sz.jpg"
59,51,14,75,"US 9.5","Leather/Synthetic",0,0,0,0,"https://www.fila.de/out/pictures/master/product/2/fila_mindblower_men_white_electric_1716242_2173.jpg","https://www.fila.de/out/pictures/master/product/2/fila_mindblower_men_white_electric_1716242_2173.jpg"
60,135,2,50,"US 9","Mesh",0,0,0,0,"https://s.catch.com.au/images/product/0063/63759/6202548044090316919550.jpg","https://s.catch.com.au/images/product/0063/63759/6202548044090316919550.jpg"
61,80,14,90,"US 11","Leather",0,0,0,0,"https://images.complex.com/complex/images/c_scale,q_auto,w_1920/fl_lossy,pg_1/iot1dbjmzr7z6kfkoxrb/nike-air-force-1-lead-1","https://images.complex.com/complex/images/c_scale,q_auto,w_1920/fl_lossy,pg_1/iot1dbjmzr7z6kfkoxrb/nike-air-force-1-lead-1"
62,7,11,130,"US 7","Primeknit",0,0,0,0,"https://theplaybook.asia/wp-content/uploads/sites/27/2017/04/adidas-nmd-r1-primeknit-shock-pink-bb2363-4.jpg","https://theplaybook.asia/wp-content/uploads/sites/27/2017/04/adidas-nmd-r1-primeknit-shock-pink-bb2363-4.jpg"
63,126,2,130,"US 9","Knit",0,0,0,0,"https://www.mandellossports.gr/image/cache/catalog/products/2021/SS21/FZ0633-(1)-1500x1500.jpg","https://www.mandellossports.gr/image/cache/catalog/products/2021/SS21/FZ0633-(1)-1500x1500.jpg"
64,38,15,85,"US 8.5","Canvas",0,0,0,0,"http://www.allstarchucks.com/image/cache/catalog/Converse/Converse_Chuck_70_High_Top_18SS_Yellow_Canvas-1000x1000.jpg","http://www.allstarchucks.com/image/cache/catalog/Converse/Converse_Chuck_70_High_Top_18SS_Yellow_Canvas-1000x1000.jpg"
65,102,13,130,"US 10","Leather",0,0,0,0,"https://d3pnpe87i1fkwu.cloudfront.net/IMG/012044-puma-clyde-all-pro-194039_01_1170x1170.png","https://d3pnpe87i1fkwu.cloudfront.net/IMG/012044-puma-clyde-all-pro-194039_01_1170x1170.png"
66,156,2,70,"US 7","Suede",0,0,0,0,"https://i1.adis.ws/i/office/2421605810_ld1.jpg?$highres$","https://i1.adis.ws/i/office/2421605810_ld1.jpg?$highres$"
67,67,5,150,"US 8","Mesh",0,0,0,0,"https://lh4.googleusercontent.com/VOiu30HIwSKprRT7po5CFDnRew5ag19jyvd6H1u2jYIhgHbR0usBsRmCGiXcg7XTfj8rRH4VGnx3TQMxr4iTOk1F3VpqKxk3ITRVwrgJxKYN0Bp9iNGhnW-QjF1qUcMVJo-Zg4dP","https://lh4.googleusercontent.com/VOiu30HIwSKprRT7po5CFDnRew5ag19jyvd6H1u2jYIhgHbR0usBsRmCGiXcg7XTfj8rRH4VGnx3TQMxr4iTOk1F3VpqKxk3ITRVwrgJxKYN0Bp9iNGhnW-QjF1qUcMVJo-Zg4dP"
68,34,3,170,"US 11","Mesh",0,0,0,0,"https://assets.laboutiqueofficielle.com/w_1100,q_auto,f_auto/media/products/2021/02/18/asics_253575_1201A113_408_20210222T163513_01.jpg","https://assets.laboutiqueofficielle.com/w_1100,q_auto,f_auto/media/products/2021/02/18/asics_253575_1201A113_408_20210222T163513_01.jpg"
69,46,14,65,"US 8.5","Leather",0,0,0,0,"https://www.fila.de/out/pictures/master/product/1/fila_d_formation_men_white_1716104_1112.jpg","https://www.fila.de/out/pictures/master/product/1/fila_d_formation_men_white_1716104_1112.jpg"
70,147,2,90,"US 8.5","Mesh",0,0,0,0,"https://images-na.ssl-images-amazon.com/images/I/81OpHEOhOzS._AC_UL1500_.jpg","https://images-na.ssl-images-amazon.com/images/I/81OpHEOhOzS._AC_UL1500_.jpg"
71,85,6,120,"US 6","Leather",0,0,0,0,"https://sneakerbardetroit.com/wp-content/uploads/2015/11/nike-air-max-90-leather-tumbled-grey-1.jpg","https://sneakerbardetroit.com/wp-content/uploads/2015/11/nike-air-max-90-leather-tumbled-grey-1.jpg"
72,16,2,220,"US 10","Primeknit",0,0,0,0,"https://sneakernews.com/wp-content/uploads/2019/04/adidas-yeezy-boost-350-v2-black-fu9013-release-date-6.jpg","https://sneakernews.com/wp-content/uploads/2019/04/adidas-yeezy-boost-350-v2-black-fu9013-release-date-6.jpg"
73,115,11,65,"US 7.5","Nylon",0,0,0,0,"https://www.kicksonfire.com/wp-content/uploads/2016/06/Reebok-Classic-Nylon.png?x58464","https://www.kicksonfire.com/wp-content/uploads/2016/06/Reebok-Classic-Nylon.png?x58464"
74,41,14,65,"US 9","Canvas",0,0,0,0,"https://cdna.lystit.com/photos/bloomingdales/491524-White-6dcc6c18-.jpeg","https://cdna.lystit.com/photos/bloomingdales/491524-White-6dcc6c18-.jpeg"
75,99,6,120,"US 9","Mesh",0,0,0,0,"https://assets.myntassets.com/h_640,q_100,w_480/assets/images/13484268/2021/4/7/beb66111-05f7-4368-a1ad-ad7a6cb6ea121617798947057-Puma-Unisex-Grey-Mesh-Calibrate-Runner-Kevlar-Shoes-88016177-1.jpg","https://assets.myntassets.com/h_640,q_100,w_480/assets/images/13484268/2021/4/7/beb66111-05f7-4368-a1ad-ad7a6cb6ea121617798947057-Puma-Unisex-Grey-Mesh-Calibrate-Runner-Kevlar-Shoes-88016177-1.jpg"
76,153,13,50,"US 9.5","Canvas",0,0,0,0,"http://www.filenesbasement.com/photos/product-alternate/giant/7031010S7749651/alt/7749651.jpg","http://www.filenesbasement.com/photos/product-alternate/giant/7031010S7749651/alt/7749651.jpg"
77,75,11,100,"US 7","Mesh",0,0,0,0,"https://www.365rider.com/24476-thickbox_default/zapatillas-new-balance-fuelcell-echo-new-york-city-marathon-edition-rosa-pv20-mujer.jpg","https://www.365rider.com/24476-thickbox_default/zapatillas-new-balance-fuelcell-echo-new-york-city-marathon-edition-rosa-pv20-mujer.jpg"
78,20,2,120,"US 10.5","Mesh",0,0,0,0,"https://www.bmcsports.ie/images/asics-womens-gt-2000-9-black-running-shoes-p35391-111936_medium.jpg","https://www.bmcsports.ie/images/asics-womens-gt-2000-9-black-running-shoes-p35391-111936_medium.jpg"
79,53,14,60,"US 7","Leather",0,0,0,0,"https://cdna.lystit.com/photos/zappos/d3e996c9/fila-WhiteWhiteGum-Original-Fitness-whitewhitegum-Womens-Shoes.jpeg","https://cdna.lystit.com/photos/zappos/d3e996c9/fila-WhiteWhiteGum-Original-Fitness-whitewhitegum-Womens-Shoes.jpeg"
80,136,9,65,"US 10","Mesh",0,0,0,0,"https://www.shuperb.co.uk/images/skechers-elite-flex-prime-mens-mesh-trainers-navy-p116028-1200676_image.jpg","https://www.shuperb.co.uk/images/skechers-elite-flex-prime-mens-mesh-trainers-navy-p116028-1200676_image.jpg"
81,88,14,85,"US 7.5","Leather",0,0,0,0,"https://www.theairmax270.com/wp-content/uploads/2018/11/Nike-Blazer-Low-LE-Triple-White-Leather-6.jpeg","https://www.theairmax270.com/wp-content/uploads/2018/11/Nike-Blazer-Low-LE-Triple-White-Leather-6.jpeg"
82,80,14,90,"US 10","Leather",0,0,0,0,"https://cdna.lystit.com/photos/footshop/3c1f6702/nike--Air-Force-1-07-Premium-White-White-white.jpeg","https://cdna.lystit.com/photos/footshop/3c1f6702/nike--Air-Force-1-07-Premium-White-White-white.jpeg"
83,7,2,140,"US 8.5","Primeknit",0,0,0,0,"https://images.wave.fr/images/S81849-adidas-nmd-black-japan-02.jpg","https://images.wave.fr/images/S81849-adidas-nmd-black-japan-02.jpg"
84,126,6,130,"US 7.5","Flexweave",0,0,0,0,"https://assets.roguefitness.com/f_auto,q_auto,c_limit,w_1600,b_rgb:ffffff/catalog/Shoes/Training Shoes/Reebok/Reebok Nano X1/H02838/H02838-H_ajighk.png","https://assets.roguefitness.com/f_auto,q_auto,c_limit,w_1600,b_rgb:ffffff/catalog/Shoes/Training Shoes/Reebok/Reebok Nano X1/H02838/H02838-H_ajighk.png"
85,41,14,65,"US 9","Canvas",0,0,0,0,"https://cdnb.lystit.com/photos/2011/10/11/converse-white-converse-jack-purcell-whitewhite-canvas-product-1-2191365-333243057.jpeg","https://cdnb.lystit.com/photos/2011/10/11/converse-white-converse-jack-purcell-whitewhite-canvas-product-1-2191365-333243057.jpeg"
86,102,13,120,"US 11","Leather",0,0,0,0,"https://img.bstn.com/eyJidWNrZXQiOiJic3RuLWltYWdlLXNlcnZlciIsImtleSI6ImNhdGFsb2cvcHJvZHVjdC8xOTU1MDktMDQvMTk1NTA5LTA0LTAxLmpwZyIsImVkaXRzIjp7InJlc2l6ZSI6eyJ3aWR0aCI6bnVsbCwiaGVpZ2h0IjpudWxsLCJmaXQiOiJjb250YWluIiwiYmFja2dyb3VuZCI6eyJyIjoyNTUsImciOjI1NSwiYiI6MjU1LCJhbHBoYSI6MX19fX0=","https://img.bstn.com/eyJidWNrZXQiOiJic3RuLWltYWdlLXNlcnZlciIsImtleSI6ImNhdGFsb2cvcHJvZHVjdC8xOTU1MDktMDQvMTk1NTA5LTA0LTAxLmpwZyIsImVkaXRzIjp7InJlc2l6ZSI6eyJ3aWR0aCI6bnVsbCwiaGVpZ2h0IjpudWxsLCJmaXQiOiJjb250YWluIiwiYmFja2dyb3VuZCI6eyJyIjoyNTUsImciOjI1NSwiYiI6MjU1LCJhbHBoYSI6MX19fX0="
87,155,2,70,"US 6","Suede/Canvas",0,0,0,0,"https://www.kicksonfire.com/wp-content/uploads/2015/06/Vans-triple-black-4.jpg","https://www.kicksonfire.com/wp-content/uploads/2015/06/Vans-triple-black-4.jpg"
88,63,9,80,"US 10","Suede/Mesh",0,0,0,0,"https://www.80scasualclassics.co.uk/images/new-balance-574-trainers-navy-yellow-p11961-70582_image.jpg","https://www.80scasualclassics.co.uk/images/new-balance-574-trainers-navy-yellow-p11961-70582_image.jpg"
89,28,11,100,"US 8","Mesh",0,0,0,0,"https://sneakernews.com/wp-content/uploads/2016/01/asics-gel-lyte-iii-white-black-pink-1.jpg","https://sneakernews.com/wp-content/uploads/2016/01/asics-gel-lyte-iii-white-black-pink-1.jpg"
90,52,14,75,"US 9.5","Leather/Synthetic",0,0,0,0,"https://www.fila.de/out/pictures/master/product/1/fila_mindblower_men_white_black_red_1716176_1182.jpg","https://www.fila.de/out/pictures/master/product/1/fila_mindblower_men_white_black_red_1716176_1182.jpg"
91,147,2,75,"US 7","Mesh",0,0,0,0,"https://images.rogansshoes.com/t_1000/SK_17693_BWH2.JPG","https://images.rogansshoes.com/t_1000/SK_17693_BWH2.JPG"
92,95,3,160,"US 9.5","Flyknit",0,0,0,0,"https://sneakernews.com/wp-content/uploads/2021/04/Nike-Infinity-React-Run-2-Flyknit-Run-Past-The-Future-CZ3602-400-4.jpg?w=1140","https://sneakernews.com/wp-content/uploads/2021/04/Nike-Infinity-React-Run-2-Flyknit-Run-Past-The-Future-CZ3602-400-4.jpg?w=1140"
93,5,6,80,"US 12","Synthetic",0,0,0,0,"https://assets.adidas.com/images/h_840,f_auto,q_auto:sensitive,fl_lossy/b0c6e2e3499446b9bb72ab3c0001a053_9366/Harden_Stepback_Shoes_Grey_FW8543_01_standard.jpg","https://assets.adidas.com/images/h_840,f_auto,q_auto:sensitive,fl_lossy/b0c6e2e3499446b9bb72ab3c0001a053_9366/Harden_Stepback_Shoes_Grey_FW8543_01_standard.jpg"
94,115,2,65,"US 7.5","Nylon",0,0,0,0,"https://www.allaboutanthony.com/wp-content/uploads/2017/05/Reebok-Classic-WDYWT.jpg","https://www.allaboutanthony.com/wp-content/uploads/2017/05/Reebok-Classic-WDYWT.jpg"
95,38,15,85,"US 8","Canvas",0,0,0,0,"https://www.isneaker.eu/sites/default/files/styles/product_big/public/shoes/162054Csv1.jpg?itok=YUBx7NfL","https://www.isneaker.eu/sites/default/files/styles/product_big/public/shoes/162054Csv1.jpg?itok=YUBx7NfL"
96,99,2,80,"US 10.5","Mesh",0,0,0,0,"https://images.puma.com/image/upload/f_auto,q_auto,b_rgb:fafafa,w_600,h_600/global/194828/01/dt01/fnd/PNA/fmt/png/Calibrate-Runner-Transit-Men's-Shoes","https://images.puma.com/image/upload/f_auto,q_auto,b_rgb:fafafa,w_600,h_600/global/194828/01/dt01/fnd/PNA/fmt/png/Calibrate-Runner-Transit-Men's-Shoes"
97,153,5,55,"US 7","Canvas",0,0,0,0,"https://static3.tcdn.com.br/img/img_prod/799045/180_tenis_vans_era_varsity_canvas_green_28908_1_792edb784c3fa2672b9969f293321a9d.jpg","https://static3.tcdn.com.br/img/img_prod/799045/180_tenis_vans_era_varsity_canvas_green_28908_1_792edb784c3fa2672b9969f293321a9d.jpg"
98,76,12,100,"US 6.5","Mesh",0,0,0,0,"https://cdna.lystit.com/520/650/n/photos/amazon-prime/87d998c0/new-balance-BlackMagenta-Pop-Fuelcell-Propel-V3-Running-Shoe.jpeg","https://cdna.lystit.com/520/650/n/photos/amazon-prime/87d998c0/new-balance-BlackMagenta-Pop-Fuelcell-Propel-V3-Running-Shoe.jpeg"
99,25,2,170,"US 11","Mesh",0,0,0,0,"https://photo2.i-run.fr/asics-gel-kayano-28-lite-show-m-chaussures-homme-493888-1-fz.jpg","https://photo2.i-run.fr/asics-gel-kayano-28-lite-show-m-chaussures-homme-493888-1-fz.jpg"
100,59,14,65,"US 8","Leather",0,0,0,0,"https://www.80scasualclassics.co.uk/images/fila-trailblazer-boots-white-p12738-73108_image.jpg","https://www.80scasualclassics.co.uk/images/fila-trailblazer-boots-white-p12738-73108_image.jpg"
101,149,6,60,"US 9","Mesh",0,0,0,0,"https://i5.walmartimages.com/asr/25eb993b-2f70-4c37-9a30-3d735823e108_1.411eaa39ceff6f7ae115897707209f2f.jpeg","https://i5.walmartimages.com/asr/25eb993b-2f70-4c37-9a30-3d735823e108_1.411eaa39ceff6f7ae115897707209f2f.jpeg"
102,87,14,200,"US 8.5","Mesh",0,0,0,0,"https://sneakernews.com/wp-content/uploads/2020/08/nike-air-zoom-tempo-next-CV1889-102-6.jpg?w=1140","https://sneakernews.com/wp-content/uploads/2020/08/nike-air-zoom-tempo-next-CV1889-102-6.jpg?w=1140"
103,94,6,160,"US 7.5","Mesh",0,0,0,0,"https://images.stockx.com/images/Nike-React-Infinity-Run-Flyknit-2-Particle-Grey.jpg?fit=fill&amp;bg=FFFFFF&amp;w=700&amp;h=500&amp;auto=format,compress&amp;q=90&amp;dpr=2&amp;trim=color&amp;updated_at=1623345586","https://images.stockx.com/images/Nike-React-Infinity-Run-Flyknit-2-Particle-Grey.jpg?fit=fill&amp;bg=FFFFFF&amp;w=700&amp;h=500&amp;auto=format,compress&amp;q=90&amp;dpr=2&amp;trim=color&amp;updated_at=1623345586"
104,10,2,80,"US 8.5","Leather",0,0,0,0,"https://images.journeys.ca/images/products/1_581847_ZM_ALT2.JPG","https://images.journeys.ca/images/products/1_581847_ZM_ALT2.JPG"
105,127,3,120,"US 6.5","Mesh",0,0,0,0,"https://mrsorted.co.uk/wp-content/uploads/2020/11/10-11-2020_JB_H68735_m1_1.jpg","https://mrsorted.co.uk/wp-content/uploads/2020/11/10-11-2020_JB_H68735_m1_1.jpg"
106,38,14,85,"US 9","Canvas",0,0,0,0,"https://www.chucksallstar.com/image/cache/catalog/Converse/Products/Converse-Chuck-70-Plus-Canvas-White-Canvas-High-Shoes-02-1100x1100.jpg","https://www.chucksallstar.com/image/cache/catalog/Converse/Products/Converse-Chuck-70-Plus-Canvas-White-Canvas-High-Shoes-02-1100x1100.jpg"
107,98,14,90,"US 9.5","Leather",0,0,0,0,"https://cdn.shopify.com/s/files/1/0524/2470/4199/products/9757755_147__1_1000x1000.jpg?v=1619970438","https://cdn.shopify.com/s/files/1/0524/2470/4199/products/9757755_147__1_1000x1000.jpg?v=1619970438"
108,156,2,70,"US 10","Suede/Canvas",0,0,0,0,"https://i8.amplience.net/i/office/2421605810_ld1.jpg?$newhighres$?fmt.jpeg.interlaced=true","https://i8.amplience.net/i/office/2421605810_ld1.jpg?$newhighres$?fmt.jpeg.interlaced=true"
109,66,6,175,"US 9.5","Suede/Mesh",0,0,0,0,"https://i5.walmartimages.com/asr/ec8cc6c7-41d6-480a-a058-b5c7b23c3f96_1.80f62cf042dd6e061fe96e587b47e401.jpeg","https://i5.walmartimages.com/asr/ec8cc6c7-41d6-480a-a058-b5c7b23c3f96_1.80f62cf042dd6e061fe96e587b47e401.jpeg"
110,36,3,70,"US 8.5","Mesh",0,0,0,0,"https://www.lifestylesports.com/on/demandware.static/-/Sites-LSS_eCommerce_Master/default/dw9cc607b0/images/22261420xlalt4.jpg","https://www.lifestylesports.com/on/demandware.static/-/Sites-LSS_eCommerce_Master/default/dw9cc607b0/images/22261420xlalt4.jpg"
111,52,14,75,"US 11","Synthetic",0,0,0,0,"https://www.beyondstore.fi/tuotekuvat/1200x1200/Fila Mindblower%2C white : electric blue 6.JPG","https://www.beyondstore.fi/tuotekuvat/1200x1200/Fila Mindblower%2C white : electric blue 6.JPG"
112,142,2,60,"US 7","Mesh",0,0,0,0,"https://cdna.lystit.com/photos/zappos/284d5a46/skechers-Black-Go-Run-Mojo-20.jpeg","https://cdna.lystit.com/photos/zappos/284d5a46/skechers-Black-Go-Run-Mojo-20.jpeg"
113,86,2,120,"US 11","Mesh",0,0,0,0,"https://sneakerbardetroit.com/wp-content/uploads/2021/04/Nike-Air-Zoom-Pegasus-38-CW7356-003-Release-Date-4-1068x699.jpg","https://sneakerbardetroit.com/wp-content/uploads/2021/04/Nike-Air-Zoom-Pegasus-38-CW7356-003-Release-Date-4-1068x699.jpg"
114,13,6,180,"US 8.5","Primeknit",0,0,0,0,"https://assets.adidas.com/images/w_600,f_auto,q_auto/71501c035aea4a12abedae60001c506c_9366/Ultraboost_5.0_DNA_Shoes_Grey_GY8342_09_standard.jpg","https://assets.adidas.com/images/w_600,f_auto,q_auto/71501c035aea4a12abedae60001c506c_9366/Ultraboost_5.0_DNA_Shoes_Grey_GY8342_09_standard.jpg"
115,114,14,80,"US 9.5","Leather",0,0,0,0,"http://demandware.edgesuite.net/sits_pod27/dw/image/v2/AAJP_PRD/on/demandware.static/-/Sites-reebok-products/default/dwbd379dac/zoom/2232_01.jpg?sw=2000&amp;sfrm=jpg","http://demandware.edgesuite.net/sits_pod27/dw/image/v2/AAJP_PRD/on/demandware.static/-/Sites-reebok-products/default/dwbd379dac/zoom/2232_01.jpg?sw=2000&amp;sfrm=jpg"
116,41,9,65,"US 6","Canvas",0,0,0,0,"https://images.esellerpro.com/2244/I/444/55/lrgscaleConverse Canvas Low Navy White.jpg","https://images.esellerpro.com/2244/I/444/55/lrgscaleConverse Canvas Low Navy White.jpg"
117,106,2,110,"US 9.5","Synthetic",0,0,0,0,"https://i.sportisimo.com/products/images/1293/1293969/full/puma-rs-fast-tech-blk_0.jpg","https://i.sportisimo.com/products/images/1293/1293969/full/puma-rs-fast-tech-blk_0.jpg"
118,153,2,50,"US 7.5","Canvas",0,0,0,0,"http://www.natterjacks.com/images/vans-era-canvas-black-black-p10379-259385_zoom.jpg","http://www.natterjacks.com/images/vans-era-canvas-black-black-p10379-259385_zoom.jpg"
119,74,13,80,"US 10","Mesh",0,0,0,0,"https://images.journeys.com/images/products/1_650610_ZM.jpg","https://images.journeys.com/images/products/1_650610_ZM.jpg"
120,19,2,120,"US 9","Mesh",0,0,0,0,"https://images.asics.com/is/image/asics/1011B185_001_SR_RT_GLB-1?$sfcc-product$","https://images.asics.com/is/image/asics/1011B185_001_SR_RT_GLB-1?$sfcc-product$"
121,54,14,60,"US 10","Leather",0,0,0,0,"https://ak1.ostkcdn.com/images/products/is/images/direct/2897795b5a9498b30edc17ebf934b8526da5f291/Fila-Men's-Original-Fitness-Leather-White-White-Gum.jpg","https://ak1.ostkcdn.com/images/products/is/images/direct/2897795b5a9498b30edc17ebf934b8526da5f291/Fila-Men's-Original-Fitness-Leather-White-White-Gum.jpg"
122,145,9,80,"US 8","Mesh",0,0,0,0,"https://cdna.lystit.com/1040/1300/n/photos/zappos/37e839de/skechers-Navy-Max-Cushioning-Elite-Mesh-Lace-up.jpeg","https://cdna.lystit.com/1040/1300/n/photos/zappos/37e839de/skechers-Navy-Max-Cushioning-Elite-Mesh-Lace-up.jpeg"
123,79,14,90,"US 11","Leather",0,0,0,0,"https://cdna.lystit.com/520/650/n/photos/allikestore/24c6f11f/nike-White-Nike-Air-Force-1-07.jpeg","https://cdna.lystit.com/520/650/n/photos/allikestore/24c6f11f/nike-White-Nike-Air-Force-1-07.jpeg"
124,8,11,140,"US 8","Primeknit",0,0,0,0,"https://stockx-sneaker-analysis.s3.amazonaws.com/wp-content/uploads/2017/04/Adidas-NMD-R1-Primeknit-Pink-Rose-W.png","https://stockx-sneaker-analysis.s3.amazonaws.com/wp-content/uploads/2017/04/Adidas-NMD-R1-Primeknit-Pink-Rose-W.png"
125,123,2,130,"US 9.5","Mesh",0,0,0,0,"https://cdn.shopify.com/s/files/1/0025/4823/6334/products/DV6363_reebok_nano_9_white_skugry_rbkg03_01_1024x1024.jpg?v=1600194557","https://cdn.shopify.com/s/files/1/0025/4823/6334/products/DV6363_reebok_nano_9_white_skugry_rbkg03_01_1024x1024.jpg?v=1600194557"
126,41,14,65,"US 7.5","Canvas",0,0,0,0,"http://cdna.lystit.com/photos/2010/11/29/converse-white-canvas-jack-purcell-sneaker-women-synthetic-white-product-2-91016-539889702.jpeg","http://cdna.lystit.com/photos/2010/11/29/converse-white-canvas-jack-purcell-sneaker-women-synthetic-white-product-2-91016-539889702.jpeg"
127,99,2,90,"US 10","Mesh/Synthetic",0,0,0,0,"https://images.squarespace-cdn.com/content/v1/532313ece4b08487acaec7a2/d4abf0ed-cf17-411d-bea6-7f7952b9778f/puma_37595801_m-1.jpeg","https://images.squarespace-cdn.com/content/v1/532313ece4b08487acaec7a2/d4abf0ed-cf17-411d-bea6-7f7952b9778f/puma_37595801_m-1.jpeg"
128,156,2,65,"US 9","Canvas",0,0,0,0,"https://i5.walmartimages.com/asr/a177a95b-54fb-4f09-9cea-7bac2f0dade8_1.8e803ade7e3174413aff14d83bff3540.jpeg?odnWidth=1000&amp;odnHeight=1000&amp;odnBg=ffffff","https://i5.walmartimages.com/asr/a177a95b-54fb-4f09-9cea-7bac2f0dade8_1.8e803ade7e3174413aff14d83bff3540.jpeg?odnWidth=1000&amp;odnHeight=1000&amp;odnBg=ffffff"
129,78,3,130,"US 9.5","Mesh",0,0,0,0,"https://photo2.i-run.fr/new-balance-fuelcell-rebel-v2-m-chaussures-homme-513028-1-sz.jpg","https://photo2.i-run.fr/new-balance-fuelcell-rebel-v2-m-chaussures-homme-513028-1-sz.jpg"
130,27,14,180,"US 7.5","Mesh/Leather",0,0,0,0,"https://www.prodirectrunning.com/ProductImages/Gallery_2/199781_Gallery_2_0505814.jpg","https://www.prodirectrunning.com/ProductImages/Gallery_2/199781_Gallery_2_0505814.jpg"
131,57,14,65,"US 8","Leather/Synthetic",0,0,0,0,"https://images-na.ssl-images-amazon.com/images/I/51ft7xM9WML._AC_UL1000_.jpg","https://images-na.ssl-images-amazon.com/images/I/51ft7xM9WML._AC_UL1000_.jpg"
132,144,2,60,"US 6.5","Mesh",0,0,0,0,"https://images.awsmcdn.com/product/c84/c2e/s2000/skechers-go-walk-5-black-white-mesh.jpg","https://images.awsmcdn.com/product/c84/c2e/s2000/skechers-go-walk-5-black-white-mesh.jpg"
133,97,2,180,"US 11","Mesh/Synthetic",0,0,0,0,"https://cdn.runrepeat.com/i/nike/38588/nike-zoomx-invincible-run-flyknit-2-men-s-road-running-shoes-black-black-a953-main.jpg","https://cdn.runrepeat.com/i/nike/38588/nike-zoomx-invincible-run-flyknit-2-men-s-road-running-shoes-black-black-a953-main.jpg"
134,15,6,180,"US 8","Primeknit",0,0,0,0,"https://sneakerbardetroit.com/wp-content/uploads/2021/02/adidas-Ultra-Boost-5.0-DNA-Grey-FY9354-Release-Date-1.jpg","https://sneakerbardetroit.com/wp-content/uploads/2021/02/adidas-Ultra-Boost-5.0-DNA-Grey-FY9354-Release-Date-1.jpg"
135,115,2,60,"US 10.5","Nylon",0,0,0,0,"http://demandware.edgesuite.net/sits_pod27/dw/image/v2/AAJP_PRD/on/demandware.static/-/Sites-reebok-products/default/dwd57d53a8/zoom/6604_01.jpg?sw=2000&amp;sfrm=jpg","http://demandware.edgesuite.net/sits_pod27/dw/image/v2/AAJP_PRD/on/demandware.static/-/Sites-reebok-products/default/dwd57d53a8/zoom/6604_01.jpg?sw=2000&amp;sfrm=jpg"
136,45,4,110,"US 8","Canvas",0,0,0,0,"https://sgfm.elcorteingles.es/SGFM/dctm/MEDIA03/202001/08/00182369607633____1__1200x1200.jpg","https://sgfm.elcorteingles.es/SGFM/dctm/MEDIA03/202001/08/00182369607633____1__1200x1200.jpg"
137,111,13,65,"US 8","Suede",0,0,0,0,"https://66.media.tumblr.com/4965a98ece2c69f1ba5e0fb8ad0fe322/tumblr_neqkencM4k1rf08nuo1_1280.jpg","https://66.media.tumblr.com/4965a98ece2c69f1ba5e0fb8ad0fe322/tumblr_neqkencM4k1rf08nuo1_1280.jpg"
138,153,5,50,"US 7.5","Canvas",0,0,0,0,"https://static.super-shop.com/1328689-vans-era-shoes-varsity-canvas-green-blue.jpg?w=1920","https://static.super-shop.com/1328689-vans-era-shoes-varsity-canvas-green-blue.jpg?w=1920"
139,73,2,165,"US 11","Mesh/Synthetic",0,0,0,0,"https://cdn.runrepeat.com/storage/gallery/product_content/36984/new-balance-fresh-foam-more-v3-mid-top-14952087-main.jpg","https://cdn.runrepeat.com/storage/gallery/product_content/36984/new-balance-fresh-foam-more-v3-mid-top-14952087-main.jpg"
140,35,11,90,"US 9","Mesh/Synthetic",0,0,0,0,"https://cdna.lystit.com/photos/zappos/23e805b2/asicsr-Pink-Gel-quantum-90.jpeg","https://cdna.lystit.com/photos/zappos/23e805b2/asicsr-Pink-Gel-quantum-90.jpeg"
141,53,14,60,"US 9.5","Leather",0,0,0,0,"https://images.stockx.com/Fila-Original-Fitness-White-Navy-Red.png?fit=fill&amp;bg=FFFFFF&amp;w=700&amp;h=500&amp;auto=format,compress&amp;q=90&amp;dpr=2&amp;trim=color&amp;updated_at=1603481985","https://images.stockx.com/Fila-Original-Fitness-White-Navy-Red.png?fit=fill&amp;bg=FFFFFF&amp;w=700&amp;h=500&amp;auto=format,compress&amp;q=90&amp;dpr=2&amp;trim=color&amp;updated_at=1603481985"
142,141,2,55,"US 8.5","Mesh",0,0,0,0,"https://cdna.lystit.com/photos/zappos/0fb79d33/skechers-Black-Go-Run-Mojo-Pep-black-Mens-Running-Shoes.jpeg","https://cdna.lystit.com/photos/zappos/0fb79d33/skechers-Black-Go-Run-Mojo-Pep-black-Mens-Running-Shoes.jpeg"
143,81,14,90,"US 11","Leather",0,0,0,0,"https://sneakernews.com/wp-content/uploads/2021/04/Nike-Air-Force-1-CZ0326-101-7.jpg?w=1140","https://sneakernews.com/wp-content/uploads/2021/04/Nike-Air-Force-1-CZ0326-101-7.jpg?w=1140"
144,8,11,130,"US 8.5","Primeknit",0,0,0,0,"http://images.linnlive.com/81aa2c7ffaa39a9a24df3fdf9bbf4420/29f2c908-2860-4305-a855-510d6ada3c54.jpg","http://images.linnlive.com/81aa2c7ffaa39a9a24df3fdf9bbf4420/29f2c908-2860-4305-a855-510d6ada3c54.jpg"
145,128,3,120,"US 9","Mesh",0,0,0,0,"https://i8.amplience.net/i/jpl/jd_346911_d?qlt=92&amp;w=750&amp;h=531&amp;v=1","https://i8.amplience.net/i/jpl/jd_346911_d?qlt=92&amp;w=750&amp;h=531&amp;v=1"
146,38,2,85,"US 7","Canvas",0,0,0,0,"https://cdna.lystit.com/photos/mrporter/b12d3170/converse-black-Chuck-70-Canvas-High-top-Sneakers.jpeg","https://cdna.lystit.com/photos/mrporter/b12d3170/converse-black-Chuck-70-Canvas-High-top-Sneakers.jpeg"
147,102,14,130,"US 10","Leather",0,0,0,0,"https://images.stockx.com/Puma-Clyde-All-Pro-White-Black.png?fit=fill&amp;bg=FFFFFF&amp;w=700&amp;h=500&amp;auto=format,compress&amp;q=90&amp;dpr=2&amp;trim=color&amp;updated_at=1605136559","https://images.stockx.com/Puma-Clyde-All-Pro-White-Black.png?fit=fill&amp;bg=FFFFFF&amp;w=700&amp;h=500&amp;auto=format,compress&amp;q=90&amp;dpr=2&amp;trim=color&amp;updated_at=1605136559"
148,156,2,65,"US 9","Suede/Canvas",0,0,0,0,"https://cdn.shopify.com/s/files/1/0247/0854/6624/products/24_1003.jpg?v=1581671832","https://cdn.shopify.com/s/files/1/0247/0854/6624/products/24_1003.jpg?v=1581671832"
149,64,6,80,"US 10.5","Suede/Mesh",0,0,0,0,"https://images.awsmcdn.com/product/c32/c0f/s800/new-balance-574-grey-suede.jpg","https://images.awsmcdn.com/product/c32/c0f/s800/new-balance-574-grey-suede.jpg"
150,35,2,70,"US 7.5","Mesh",0,0,0,0,"https://images.asics.com/is/image/asics/1201A064_001_SR_RT_GLB?$sfcc-product$","https://images.asics.com/is/image/asics/1201A064_001_SR_RT_GLB?$sfcc-product$"
151,52,6,75,"US 11","Leather/Synthetic",0,0,0,0,"https://www.fila.de/out/pictures/master/product/1/fila_mindblower_men_grey_white_1716194_1242.jpg","https://www.fila.de/out/pictures/master/product/1/fila_mindblower_men_grey_white_1716194_1242.jpg"
152,146,11,90,"US 7.5","Mesh",0,0,0,0,"https://www.steppari.fi/storage/product_images/P/SKECHERSMAXCUSHIONINGPREMIERpink_17690-PKHP_724a3d426d6e06600994f51ee6bec4fa_1.jpg","https://www.steppari.fi/storage/product_images/P/SKECHERSMAXCUSHIONINGPREMIERpink_17690-PKHP_724a3d426d6e06600994f51ee6bec4fa_1.jpg"
153,89,14,100,"US 9.5","Leather",0,0,0,0,"https://i8.amplience.net/i/jpl/jd_175097_a?qlt=92","https://i8.amplience.net/i/jpl/jd_175097_a?qlt=92"
154,10,2,85,"US 7.5","Leather",0,0,0,0,"https://images1.yakcdn.com/product/992/006/s2000/adidas-originals-superstar-white-black-leather.jpg","https://images1.yakcdn.com/product/992/006/s2000/adidas-originals-superstar-white-black-leather.jpg"
155,118,2,70,"US 10","Mesh",0,0,0,0,"https://img.brandshop.ru/cache/products/k/krossovki-reebok-dmx-thrill-black-black-cold-grey-0_552x552.jpg","https://img.brandshop.ru/cache/products/k/krossovki-reebok-dmx-thrill-black-black-cold-grey-0_552x552.jpg"
156,41,14,65,"US 8.5","Canvas",0,0,0,0,"https://cdna.lystit.com/1200/630/tr/photos/shoes/0881739e/converse-White-Jack-Purcell-Jack-Ox-Canvas-Sneaker.jpeg","https://cdna.lystit.com/1200/630/tr/photos/shoes/0881739e/converse-White-Jack-Purcell-Jack-Ox-Canvas-Sneaker.jpeg"
157,99,2,140,"US 9.5","Mesh",0,0,0,0,"https://images.puma.com/image/upload/f_auto,q_auto,b_rgb:fafafa,w_600,h_600/global/194828/01/fnd/PNA/fmt/png/Calibrate-Runner-Transit-Men's-Shoes","https://images.puma.com/image/upload/f_auto,q_auto,b_rgb:fafafa,w_600,h_600/global/194828/01/fnd/PNA/fmt/png/Calibrate-Runner-Transit-Men's-Shoes"
158,158,2,50,"US 6.5","Canvas",0,0,0,0,"https://i5.walmartimages.com/asr/9c7b3320-2f3e-4e9b-9f6e-57309f810515.6a2e8005a2cab6b3e448fa5ef1d7bec7.jpeg?odnWidth=1000&amp;odnHeight=1000&amp;odnBg=ffffff","https://i5.walmartimages.com/asr/9c7b3320-2f3e-4e9b-9f6e-57309f810515.6a2e8005a2cab6b3e448fa5ef1d7bec7.jpeg?odnWidth=1000&amp;odnHeight=1000&amp;odnBg=ffffff"
159,68,3,120,"US 11","Mesh",0,0,0,0,"https://lh3.googleusercontent.com/wfFzJRBKdzxsFBH_s0tVFLeB0bKHqCTTbCpBv1hIVjDPz1mh6wLhkERHIliuaBCQK-8wPH_0ob_6QGoia1LZkgkfXO_BbIakchusamI3N1UzWXG33_mbYWL1lfp8knepoCNB1V25","https://lh3.googleusercontent.com/wfFzJRBKdzxsFBH_s0tVFLeB0bKHqCTTbCpBv1hIVjDPz1mh6wLhkERHIliuaBCQK-8wPH_0ob_6QGoia1LZkgkfXO_BbIakchusamI3N1UzWXG33_mbYWL1lfp8knepoCNB1V25"
160,36,6,70,"US 9.5","Mesh",0,0,0,0,"https://s7d2.scene7.com/is/image/academy/20627098?$pdp-gallery-ng$","https://s7d2.scene7.com/is/image/academy/20627098?$pdp-gallery-ng$"
161,49,14,70,"US 10","Leather",0,0,0,0,"https://www.80scasualclassics.co.uk/images/fila-heritage-f-13-trainers-white-p6123-48305_image.jpg","https://www.80scasualclassics.co.uk/images/fila-heritage-f-13-trainers-white-p6123-48305_image.jpg"
162,138,2,65,"US 8.5","Mesh",0,0,0,0,"https://www.wynsors.com/media/catalog/product/cache/94842af5872d0c4b64376b846232abd6/0/0/00z0857_wt8rpblkykfk9ort.jpg","https://www.wynsors.com/media/catalog/product/cache/94842af5872d0c4b64376b846232abd6/0/0/00z0857_wt8rpblkykfk9ort.jpg"
163,93,3,150,"US 11","Mesh",0,0,0,0,"https://sneakerbardetroit.com/wp-content/uploads/2020/10/Nike-KD-13-Tie-Dye-Classic-University-Blue-Release-Date.jpg","https://sneakerbardetroit.com/wp-content/uploads/2020/10/Nike-KD-13-Tie-Dye-Classic-University-Blue-Release-Date.jpg"
164,95,2,160,"US 9.5","Flyknit",0,0,0,0,"https://www.runningbath.co.uk/wp-content/uploads/2021/04/9bc1eef8721e1f3dcc9ef015addec01c71f7fd03-1536x1536.jpeg","https://www.runningbath.co.uk/wp-content/uploads/2021/04/9bc1eef8721e1f3dcc9ef015addec01c71f7fd03-1536x1536.jpeg"
165,7,6,140,"US 11.5","Primeknit",0,0,0,0,"https://cdna.lystit.com/photos/jdsports/76b665bf/adidas-originals-grey-Nmd_r1-Primeknit.jpeg","https://cdna.lystit.com/photos/jdsports/76b665bf/adidas-originals-grey-Nmd_r1-Primeknit.jpeg"
166,112,15,90,"US 8.5","Leather/Synthetic",0,0,0,0,"https://www.babyshop.com/images/688607/card_xlarge.jpg","https://www.babyshop.com/images/688607/card_xlarge.jpg"
167,41,9,70,"US 9","Canvas",0,0,0,0,"https://www.natterjacks.com/images/converse-jack-purcell-white-navy-p91280-197060_image.jpg","https://www.natterjacks.com/images/converse-jack-purcell-white-navy-p91280-197060_image.jpg"
168,99,2,100,"US 10","Mesh",0,0,0,0,"https://cdn.shopify.com/s/files/1/0025/4823/6334/products/19450202_calibrate_runner_puma_black_elektro_green_05_1440x.jpg?v=1605212735","https://cdn.shopify.com/s/files/1/0025/4823/6334/products/19450202_calibrate_runner_puma_black_elektro_green_05_1440x.jpg?v=1605212735"
169,156,2,65,"US 7.5","Suede/Canvas",0,0,0,0,"https://cdn.shopify.com/s/files/1/0247/0854/6624/products/24_1008.jpg?v=1581678139","https://cdn.shopify.com/s/files/1/0247/0854/6624/products/24_1008.jpg?v=1581678139"
170,61,5,90,"US 10","Suede/Leather",0,0,0,0,"https://cdna.lystit.com/1200/630/tr/photos/mainline/59df93e1/new-balance-Green-327-Trainers.jpeg","https://cdna.lystit.com/1200/630/tr/photos/mainline/59df93e1/new-balance-Green-327-Trainers.jpeg"
171,19,3,120,"US 8","Mesh",0,0,0,0,"https://photo3.i-run.fr/asics-gt-2000-10-m-chaussures-homme-548285-1-sz.jpg","https://photo3.i-run.fr/asics-gt-2000-10-m-chaussures-homme-548285-1-sz.jpg"
172,59,14,85,"US 9","Leather",0,0,0,0,"https://www.80scasualclassics.co.uk/images/fila-trailblazer-boots-white-p12738-73107_image.jpg","https://www.80scasualclassics.co.uk/images/fila-trailblazer-boots-white-p12738-73107_image.jpg"
173,146,6,105,"US 7","Mesh",0,0,0,0,"https://images.bonanzastatic.com/afu/images/8e72/c4b3/92cd_8386196936/s-l1600.jpg","https://images.bonanzastatic.com/afu/images/8e72/c4b3/92cd_8386196936/s-l1600.jpg"
174,89,5,100,"US 8.5","Leather",0,0,0,0,"https://cdna.lystit.com/photos/mytheresa/7634f305/nike-green-Blazer-Mid-77-Leather-Sneakers.jpeg","https://cdna.lystit.com/photos/mytheresa/7634f305/nike-green-Blazer-Mid-77-Leather-Sneakers.jpeg"
175,14,2,180,"US 7.5","Primeknit",0,0,0,0,"https://image-cdn.hypb.st/https://hypebeast.com/image/2019/01/adidas-ultraboost-white-black-release-information-tw.jpg?w=960&amp;cbr=1&amp;q=90&amp;fit=max","https://image-cdn.hypb.st/https://hypebeast.com/image/2019/01/adidas-ultraboost-white-black-release-information-tw.jpg?w=960&amp;cbr=1&amp;q=90&amp;fit=max"
176,115,3,60,"US 11.5","Nylon",0,0,0,0,"https://www.80scasualclassics.co.uk/images/reebok-classic-nylon-trainers-bunker-blue-white-p11877-70196_image.jpg","https://www.80scasualclassics.co.uk/images/reebok-classic-nylon-trainers-bunker-blue-white-p11877-70196_image.jpg"
177,44,14,75,"US 9.5","Leather",0,0,0,0,"https://media.endclothing.com/media/f_auto,q_auto:eco/prodmedia/media/catalog/product/2/4/24-02-2020_converse_proleatherogox_whitegreen_167971c_aj_3.jpg","https://media.endclothing.com/media/f_auto,q_auto:eco/prodmedia/media/catalog/product/2/4/24-02-2020_converse_proleatherogox_whitegreen_167971c_aj_3.jpg"
178,102,2,130,"US 9.5","Leather/Synthetic",0,0,0,0,"https://cdna.lystit.com/1200/630/tr/photos/ca7a-2014/05/29/puma-black-clyde-leather-sneakers-product-1-20436175-0-795640647-normal.jpeg","https://cdna.lystit.com/1200/630/tr/photos/ca7a-2014/05/29/puma-black-clyde-leather-sneakers-product-1-20436175-0-795640647-normal.jpeg"
179,152,2,65,"US 6.5","Canvas",0,0,0,0,"https://www.spezialmadrid.es/media/catalog/product/cache/1/thumbnail/9df78eab33525d08d6e5fb8d27136e95/2/3/23062022.jpg","https://www.spezialmadrid.es/media/catalog/product/cache/1/thumbnail/9df78eab33525d08d6e5fb8d27136e95/2/3/23062022.jpg"
180,73,2,165,"US 10","Mesh",0,0,0,0,"https://m.media-amazon.com/images/I/71wEB1I3OaL._AC_UL1200_.jpg","https://m.media-amazon.com/images/I/71wEB1I3OaL._AC_UL1200_.jpg"
181,33,6,180,"US 9","Mesh",0,0,0,0,"https://cdn.sneakerbaron.nl/uploads/2021/01/08152437/asics-sportstyle-gel-quantum-360-6-green-1201a062-300-35-700x700.png","https://cdn.sneakerbaron.nl/uploads/2021/01/08152437/asics-sportstyle-gel-quantum-360-6-green-1201a062-300-35-700x700.png"
182,56,14,75,"US 10.5","Leather",0,0,0,0,"https://cdna.lystit.com/photos/size/53e8c5ef/fila-White-Spaghetti-Low-Womens.jpeg","https://cdna.lystit.com/photos/size/53e8c5ef/fila-White-Spaghetti-Low-Womens.jpeg"
183,150,2,70,"US 8.5","Synthetic",0,0,0,0,"https://www.beggshoes.com/images/products/verylarge/skechers-uno-stacre-52468-bkw-black-white-trainers-1582215364-666246811-02.jpg","https://www.beggshoes.com/images/products/verylarge/skechers-uno-stacre-52468-bkw-black-white-trainers-1582215364-666246811-02.jpg"
184,80,14,100,"US 10","Leather",0,0,0,0,"https://images.vestiairecollective.com/cdn-cgi/image/q=80,f=auto,/produit/16467564-1_2.jpg","https://images.vestiairecollective.com/cdn-cgi/image/q=80,f=auto,/produit/16467564-1_2.jpg"
185,7,6,140,"US 8","Primeknit",0,0,0,0,"https://i1.wp.com/hypebeast.com/image/2016/01/adidas-nmd-primeknit-grey-black-1.jpg?quality=95&amp;w=1755","https://i1.wp.com/hypebeast.com/image/2016/01/adidas-nmd-primeknit-grey-black-1.jpg?quality=95&amp;w=1755"
186,126,2,130,"US 9.5","Knit",0,0,0,0,"https://www.mandellossports.gr/image/cache/catalog/products/2021/SS21/FX3241-(1)-1500x1500.jpg","https://www.mandellossports.gr/image/cache/catalog/products/2021/SS21/FX3241-(1)-1500x1500.jpg"
187,41,9,65,"US 6.5","Canvas",0,0,0,0,"https://cdnd.lystit.com/photos/fb60-2014/04/28/converse-blue-jack-purcell-canvas-sneakers-product-1-13524469-0-154467787-normal.jpeg","https://cdnd.lystit.com/photos/fb60-2014/04/28/converse-blue-jack-purcell-canvas-sneakers-product-1-13524469-0-154467787-normal.jpeg"
188,99,2,80,"US 11","Mesh",0,0,0,0,"https://cdn.shopify.com/s/files/1/0025/4823/6334/products/19450301_calibrate_runner_mono_puma_black05_1920x.jpg?v=1608666823","https://cdn.shopify.com/s/files/1/0025/4823/6334/products/19450301_calibrate_runner_mono_puma_black05_1920x.jpg?v=1608666823"
189,156,2,70,"US 7.5","Canvas/Suede",0,0,0,0,"https://cdn.shopify.com/s/files/1/0247/0854/6624/products/24_1003_1920x.jpg?v=1581678139","https://cdn.shopify.com/s/files/1/0247/0854/6624/products/24_1003_1920x.jpg?v=1581678139"
190,62,1,100,"US 10","Suede/Mesh",0,0,0,0,"https://www.sportlandweb.it/78354-thickbox_default/new-balance-sneakers-327-suede-mesh-beige-rosa-donna.jpg","https://www.sportlandweb.it/78354-thickbox_default/new-balance-sneakers-327-suede-mesh-beige-rosa-donna.jpg"
191,22,11,75,"US 9","Mesh",0,0,0,0,"https://media.stylerunner.com/products/1d526d3a/1012a916-701_pink_4.jpg","https://media.stylerunner.com/products/1d526d3a/1012a916-701_pink_4.jpg"
192,50,14,60,"US 10","Synthetic",0,0,0,0,"https://images.homedepot-static.com/productImages/8fb66418-e89b-410e-99e7-672e74e668b1/svn/whites-fila-work-shoes-5lm00001-64_1000.jpg","https://images.homedepot-static.com/productImages/8fb66418-e89b-410e-99e7-672e74e668b1/svn/whites-fila-work-shoes-5lm00001-64_1000.jpg"
193,137,2,70,"US 8","Mesh",0,0,0,0,"https://www.bobstores.com/dw/image/v2/AAQU_PRD/on/demandware.static/-/Sites-vestis-master-catalog/default/dw1e8e89d7/product/images/1367/616/1367616/1367616_003_alt4.jpg?sw=350&amp;sh=350&amp;sm=fit","https://www.bobstores.com/dw/image/v2/AAQU_PRD/on/demandware.static/-/Sites-vestis-master-catalog/default/dw1e8e89d7/product/images/1367/616/1367616/1367616_003_alt4.jpg?sw=350&amp;sh=350&amp;sm=fit"
194,90,2,150,"US 10","Flyknit",0,0,0,0,"https://sneakernews.com/wp-content/uploads/2017/07/nike-flyknit-trainer-white-black-global-release-date.jpg","https://sneakernews.com/wp-content/uploads/2017/07/nike-flyknit-trainer-white-black-global-release-date.jpg"
195,12,3,180,"US 7","Primeknit",0,0,0,0,"https://cdna.lystit.com/photos/barneys/dada4b73/adidas-Lt-Blue-Ultraboost-X-Primeknit-Sneakers.jpeg","https://cdna.lystit.com/photos/barneys/dada4b73/adidas-Lt-Blue-Ultraboost-X-Primeknit-Sneakers.jpeg"
196,120,6,100,"US 10.5","Mesh",0,0,0,0,"https://www.runnerinn.com/f/13741/137414982_6/reebok-forever-floatride-energy-2.jpg","https://www.runnerinn.com/f/13741/137414982_6/reebok-forever-floatride-energy-2.jpg"
197,39,11,85,"US 9","Canvas",0,0,0,0,"https://cdn.shopify.com/s/files/1/0017/5007/3404/products/Unisex_Converse_Chuck_70_Vintage_Canvas_High_Top_Shoes_Pink_164947C_2_1024x1024.jpg?v=1584379786","https://cdn.shopify.com/s/files/1/0017/5007/3404/products/Unisex_Converse_Chuck_70_Vintage_Canvas_High_Top_Shoes_Pink_164947C_2_1024x1024.jpg?v=1584379786"
198,102,14,130,"US 9","Leather",0,0,0,0,"https://cdna.lystit.com/photos/eastbay/bf2539b9/puma-WhiteBlackTeam-Gold-Clyde.jpeg","https://cdna.lystit.com/photos/eastbay/bf2539b9/puma-WhiteBlackTeam-Gold-Clyde.jpeg"
199,153,2,50,"US 8.5","Canvas",0,0,0,0,"https://www.surfstitch.com/on/demandware.static/-/Sites-ss-master-catalog/default/dw515438c4/images/VNA38FRVJ6CBLK/CANVAS-BLACK-MENS-FOOTWEAR-VANS-SNEAKERS-VNA38FRVJ6CBLK_3.JPG","https://www.surfstitch.com/on/demandware.static/-/Sites-ss-master-catalog/default/dw515438c4/images/VNA38FRVJ6CBLK/CANVAS-BLACK-MENS-FOOTWEAR-VANS-SNEAKERS-VNA38FRVJ6CBLK_3.JPG"
200,69,3,120,"US 12","Mesh",0,0,0,0,"https://img.runningwarehouse.com/watermark/rsg.php?path=/content_images/reviews/NB_Beacon_v3/NBC3M1-R6.jpg&amp;nw=1456","https://img.runningwarehouse.com/watermark/rsg.php?path=/content_images/reviews/NB_Beacon_v3/NBC3M1-R6.jpg&amp;nw=1456"
201,24,2,160,"US 8.5","Mesh",0,0,0,0,"https://cdna.lystit.com/photos/eastbay/a659a404/asicsr-BlackPure-Silver-Gel-kayano-27.jpeg","https://cdna.lystit.com/photos/eastbay/a659a404/asicsr-BlackPure-Silver-Gel-kayano-27.jpeg"
202,59,2,75,"US 11","Leather",0,0,0,0,"https://s7g10.scene7.com/is/image/UrbanOutfittersEU/0315092941052_001_b?$xlarge$&amp;fit=constrain&amp;qlt=80&amp;wid=640","https://s7g10.scene7.com/is/image/UrbanOutfittersEU/0315092941052_001_b?$xlarge$&amp;fit=constrain&amp;qlt=80&amp;wid=640"
203,139,6,60,"US 7","Mesh",0,0,0,0,"https://cdn.mart.ps/143221-thickbox_default/skechers-equalizer-40.jpg","https://cdn.mart.ps/143221-thickbox_default/skechers-equalizer-40.jpg"
204,89,14,100,"US 9.5","Leather",0,0,0,0,"https://sneakernews.com/wp-content/uploads/2020/10/nike-blazer-mid-77-vintage-BQ6806-111-1.jpg","https://sneakernews.com/wp-content/uploads/2020/10/nike-blazer-mid-77-vintage-BQ6806-111-1.jpg"
205,10,14,80,"US 7.5","Leather",0,0,0,0,"http://www.80scasualclassics.co.uk/images/adidas-superstar-trainers-white-black-p4785-43692_image.jpg","http://www.80scasualclassics.co.uk/images/adidas-superstar-trainers-white-black-p4785-43692_image.jpg"
206,129,14,120,"US 11.5","Mesh",0,0,0,0,"https://media.endclothing.com/media/f_auto,q_auto:eco,w_1600/prodmedia/media/catalog/product/2/8/28-06-2022_EC_GV7002_m9_1.jpg","https://media.endclothing.com/media/f_auto,q_auto:eco,w_1600/prodmedia/media/catalog/product/2/8/28-06-2022_EC_GV7002_m9_1.jpg"
207,41,14,70,"US 8.5","Canvas",0,0,0,0,"https://www.natterjacks.com/images/converse-jack-purcell-white-navy-p91280-197060_medium.jpg","https://www.natterjacks.com/images/converse-jack-purcell-white-navy-p91280-197060_medium.jpg"
208,110,11,65,"US 8.5","Suede",0,0,0,0,"https://shopme.online/image/cache/catalog/Shoes/Puma pink3-1100x1100w.jpg","https://shopme.online/image/cache/catalog/Shoes/Puma pink3-1100x1100w.jpg"
209,156,2,70,"US 10","Canvas",0,0,0,0,"https://i8.amplience.net/i/office/2421603420_sd1.jpg?$newhighres$","https://i8.amplience.net/i/office/2421603420_sd1.jpg?$newhighres$"
210,71,6,165,"US 9","Mesh",0,0,0,0,"https://cdnb.lystit.com/photos/zappos/c92cb186/new-balance-Purple-Fresh-Foam-More.jpeg","https://cdnb.lystit.com/photos/zappos/c92cb186/new-balance-Purple-Fresh-Foam-More.jpeg"
211,24,2,160,"US 10.5","Mesh",0,0,0,0,"https://www.theathletesfoot.com.au/media/catalog/product/cache/fc8872c9ac00a65f8b755230744c9c7b/1/0/1012a649_002_sr_rt_glb.jpg","https://www.theathletesfoot.com.au/media/catalog/product/cache/fc8872c9ac00a65f8b755230744c9c7b/1/0/1012a649_002_sr_rt_glb.jpg"
212,59,4,75,"US 7","Synthetic",0,0,0,0,"https://www.capeunionmart.co.za/dw/image/v2/BDJC_PRD/on/demandware.static/-/Sites-master-catalog-capeunion/default/dw0a8d5175/images/zoom/CUM/100665048_C22_2.jpg?sw=1500&amp;sh=1500","https://www.capeunionmart.co.za/dw/image/v2/BDJC_PRD/on/demandware.static/-/Sites-master-catalog-capeunion/default/dw0a8d5175/images/zoom/CUM/100665048_C22_2.jpg?sw=1500&amp;sh=1500"
213,133,14,70,"US 9.5","Leather",0,0,0,0,"https://res.cloudinary.com/bobstores/image/upload/w_1000,q_auto,f_auto/2052106_101_main.jpg","https://res.cloudinary.com/bobstores/image/upload/w_1000,q_auto,f_auto/2052106_101_main.jpg"
214,81,14,90,"US 8.5","Leather",0,0,0,0,"https://sneakernews.com/wp-content/uploads/2014/07/nike-air-force-1-low-white-red-leather.jpg?w=570&amp;h=400&amp;crop=1","https://sneakernews.com/wp-content/uploads/2014/07/nike-air-force-1-low-white-red-leather.jpg?w=570&amp;h=400&amp;crop=1"
215,6,2,130,"US 9","Primeknit",0,0,0,0,"http://arch-usa.com/wp-content/uploads/2017/11/nmd.r1.pk_.sashiko.blackwhite.adidas.by3013.4.jpg","http://arch-usa.com/wp-content/uploads/2017/11/nmd.r1.pk_.sashiko.blackwhite.adidas.by3013.4.jpg"
216,117,14,75,"US 11","Leather",0,0,0,0,"https://www.dressinn.com/f/13724/137245882_9/reebok-classics-club-c-85-mu-trainers.jpg","https://www.dressinn.com/f/13724/137245882_9/reebok-classics-club-c-85-mu-trainers.jpg"
217,38,4,85,"US 8.5","Canvas",0,0,0,0,"https://cache.mrporter.com/variants/images/666467151983350/e2/w2000_q80.jpg","https://cache.mrporter.com/variants/images/666467151983350/e2/w2000_q80.jpg"
218,99,2,120,"US 8.5","Mesh",0,0,0,0,"https://sneakerbardetroit.com/wp-content/uploads/2020/12/PUMA-Calibrate-Runner-194768-04-Release-Date.jpg","https://sneakerbardetroit.com/wp-content/uploads/2020/12/PUMA-Calibrate-Runner-194768-04-Release-Date.jpg"
219,153,11,50,"US 7","Canvas",0,0,0,0,"https://cdna.lystit.com/photos/zappos/a69272c2/vans-Pink-Eratm.jpeg","https://cdna.lystit.com/photos/zappos/a69272c2/vans-Pink-Eratm.jpeg"
220,77,3,100,"US 9","Mesh",0,0,0,0,"https://www.runnerinn.com/f/13792/137929363/new-balance-fuelcell-propel-v2-running-shoes.jpg","https://www.runnerinn.com/f/13792/137929363/new-balance-fuelcell-propel-v2-running-shoes.jpg"
221,21,11,120,"US 8.5","Mesh",0,0,0,0,"https://cdna.lystit.com/1200/630/tr/photos/lvr/2d255c1c/asicsr-Fuchsia-Gel-cumulus-23-Lite-show-Sneakers.jpeg","https://cdna.lystit.com/1200/630/tr/photos/lvr/2d255c1c/asicsr-Fuchsia-Gel-cumulus-23-Lite-show-Sneakers.jpeg"
222,52,14,75,"US 10","Synthetic",0,0,0,0,"https://www.fila.de/out/pictures/master/product/1/fila_mindblower_men_black_white_1716193_1217.jpg","https://www.fila.de/out/pictures/master/product/1/fila_mindblower_men_black_white_1716193_1217.jpg"
223,81,14,90,"US 11","Leather",0,0,0,0,"https://www.jordanshoes2019.net/wp-content/uploads/2018/09/Nike-Air-Force-1-High-07-White-White-2.jpeg","https://www.jordanshoes2019.net/wp-content/uploads/2018/09/Nike-Air-Force-1-High-07-White-White-2.jpeg"
224,7,11,140,"US 8","Primeknit",0,0,0,0,"https://theplaybook.asia/wp-content/uploads/sites/27/2017/04/adidas-nmd-r1-primeknit-shock-pink-bb2363-2.jpg","https://theplaybook.asia/wp-content/uploads/sites/27/2017/04/adidas-nmd-r1-primeknit-shock-pink-bb2363-2.jpg"
225,126,6,130,"US 9.5","Knit",0,0,0,0,"https://www.traininn.com/f/13811/138117972/reebok-zapatillas-nano-x1-grit.jpg","https://www.traininn.com/f/13811/138117972/reebok-zapatillas-nano-x1-grit.jpg"
226,37,2,60,"US 7","Canvas",0,0,0,0,"https://images.asos-media.com/products/converse-chuck-taylor-all-star-hi-canvas-platform-sneakers-in-black/200523054-1-black?$n_640w$&amp;wid=513&amp;fit=constrain","https://images.asos-media.com/products/converse-chuck-taylor-all-star-hi-canvas-platform-sneakers-in-black/200523054-1-black?$n_640w$&amp;wid=513&amp;fit=constrain"
227,99,3,90,"US 10.5","Mesh",0,0,0,0,"https://sneakerbardetroit.com/wp-content/uploads/2020/12/PUMA-Calibrate-Runner-194768-04-Release-Date-1068x751.jpg","https://sneakerbardetroit.com/wp-content/uploads/2020/12/PUMA-Calibrate-Runner-194768-04-Release-Date-1068x751.jpg"
228,156,13,70,"US 6","Canvas",0,0,0,0,"https://i.pinimg.com/originals/cc/a8/28/cca828ddec4fd2366d6a87620a42f967.jpg","https://i.pinimg.com/originals/cc/a8/28/cca828ddec4fd2366d6a87620a42f967.jpg"
229,62,5,100,"US 8.5","Suede/Mesh",0,0,0,0,"https://cdna.lystit.com/photos/offspring/b9465486/new-balance-Energy-Lime-Dark-Blaze-327-Trainers.jpeg","https://cdna.lystit.com/photos/offspring/b9465486/new-balance-Energy-Lime-Dark-Blaze-327-Trainers.jpeg"
230,32,6,120,"US 7.5","Mesh",0,0,0,0,"https://cdnd.lystit.com/photos/jdsports/85e6508a/asicsr-greyred-Gel-Quantum-180-2.jpeg","https://cdnd.lystit.com/photos/jdsports/85e6508a/asicsr-greyred-Gel-Quantum-180-2.jpeg"
231,52,14,70,"US 9","Leather",0,0,0,0,"https://www.defynewyork.com/wp-content/uploads/2018/12/FILA-Mindblower-White-Navy-Red-Leather-Mesh-Shoes-_290567-front-US.jpg","https://www.defynewyork.com/wp-content/uploads/2018/12/FILA-Mindblower-White-Navy-Red-Leather-Mesh-Shoes-_290567-front-US.jpg"
232,148,2,75,"US 9","Mesh",0,0,0,0,"https://slimages.macysassets.com/is/image/MCY/products/2/optimized/18985432_fpx.tif?wid=1200&amp;fmt=jpeg&amp;qlt=100","https://slimages.macysassets.com/is/image/MCY/products/2/optimized/18985432_fpx.tif?wid=1200&amp;fmt=jpeg&amp;qlt=100"
233,96,2,160,"US 12","Flyknit",0,0,0,0,"https://images.stockx.com/images/Nike-React-Infinity-Run-Flyknit-Triple-Black.png?fit=clip&amp;bg=FFFFFF&amp;auto=compress&amp;q=90&amp;dpr=2&amp;trim=color&amp;updated_at=1617403025&amp;fm=jpg&amp;ixlib=react-9.1.1&amp;w=4087","https://images.stockx.com/images/Nike-React-Infinity-Run-Flyknit-Triple-Black.png?fit=clip&amp;bg=FFFFFF&amp;auto=compress&amp;q=90&amp;dpr=2&amp;trim=color&amp;updated_at=1617403025&amp;fm=jpg&amp;ixlib=react-9.1.1&amp;w=4087"
234,2,2,35,"US 6","Synthetic",0,0,0,0,"https://cdna.lystit.com/photos/zappos/ac673893/adidas-Black-Adilette-Comfort.jpeg","https://cdna.lystit.com/photos/zappos/ac673893/adidas-Black-Adilette-Comfort.jpeg"
235,115,6,65,"US 10","Nylon",0,0,0,0,"https://cdna.lystit.com/photos/2013/08/06/reebok-flat-greywhitesteel-classic-nylon-casual-sneakers-product-1-11869505-051643154.jpeg","https://cdna.lystit.com/photos/2013/08/06/reebok-flat-greywhitesteel-classic-nylon-casual-sneakers-product-1-11869505-051643154.jpeg"
236,38,4,85,"US 8","Canvas",0,0,0,0,"https://www.mrporter.com/variants/images/666467151986975/e2/w2000_q60.jpg","https://www.mrporter.com/variants/images/666467151986975/e2/w2000_q60.jpg"
237,107,2,110,"US 8.5","Synthetic",0,0,0,0,"https://images.puma.net/images/371570/02/w/1000/h/1000/fnd/AUS/","https://images.puma.net/images/371570/02/w/1000/h/1000/fnd/AUS/"
238,153,11,55,"US 7","Canvas",0,0,0,0,"https://cdna.lystit.com/400/500/n/photos/jdsports/3d8aa5f6/vans-Pink-Era.jpeg","https://cdna.lystit.com/400/500/n/photos/jdsports/3d8aa5f6/vans-Pink-Era.jpeg"
239,65,6,175,"US 9.5","Suede/Mesh",0,0,0,0,"https://cache.mrporter.com/variants/images/27086482322978341/pr/w1000.jpg","https://cache.mrporter.com/variants/images/27086482322978341/pr/w1000.jpg"
240,19,3,120,"US 9","Mesh",0,0,0,0,"https://www.jaapsjeans.nl/img/asics-gt-2000-10-1011b185-020_1500x1500_18833.jpg","https://www.jaapsjeans.nl/img/asics-gt-2000-10-1011b185-020_1500x1500_18833.jpg"
241,47,14,65,"US 11","Leather",0,0,0,0,"https://i.pinimg.com/originals/b2/28/06/b22806859ad0d381ed23db11e83dd87a.jpg","https://i.pinimg.com/originals/b2/28/06/b22806859ad0d381ed23db11e83dd87a.jpg"
242,138,2,70,"US 8.5","Knit",0,0,0,0,"https://www.skechers.in/on/demandware.static/-/Sites-skechers_india/default/dw314f306c/images/large/194428652344-1.jpg","https://www.skechers.in/on/demandware.static/-/Sites-skechers_india/default/dw314f306c/images/large/194428652344-1.jpg"
243,86,3,120,"US 10.5","Mesh",0,0,0,0,"https://photo2.i-run.fr/nike-air-zoom-pegasus-38-flyease-rawdacious-m-chaussures-homme-490570-1-sz.jpg","https://photo2.i-run.fr/nike-air-zoom-pegasus-38-flyease-rawdacious-m-chaussures-homme-490570-1-sz.jpg"
244,79,14,90,"US 11","Leather",0,0,0,0,"https://cdnb.lystit.com/photos/34ea-2015/10/31/nike-air-force-1-high-07-leather-sneakers-white-product-0-527789777-normal.jpeg","https://cdnb.lystit.com/photos/34ea-2015/10/31/nike-air-force-1-high-07-leather-sneakers-white-product-0-527789777-normal.jpeg"
245,17,2,220,"US 9","Primeknit",0,0,0,0,"https://www.hypekicker.com/image/catalog/shoes/Yeezy/Adidas Yeezy 350/Adidas Yeezy Boost 350 V2 Zebra/1.JPG","https://www.hypekicker.com/image/catalog/shoes/Yeezy/Adidas Yeezy 350/Adidas Yeezy Boost 350 V2 Zebra/1.JPG"
246,124,8,130,"US 10","Textile/Leather",0,0,0,0,"https://footwearnews.com/wp-content/uploads/2021/06/Nano_X1_Adventure_Mens_Shoes_Blue_H02993_01_standard-e1625079246746.jpg?resize=320","https://footwearnews.com/wp-content/uploads/2021/06/Nano_X1_Adventure_Mens_Shoes_Blue_H02993_01_standard-e1625079246746.jpg?resize=320"
247,42,11,65,"US 7.5","Canvas",0,0,0,0,"https://cdnd.lystit.com/photos/7d1c-2015/05/06/converse-crimson-jack-purcellr-signature-ox-product-0-917775317-normal.jpeg","https://cdnd.lystit.com/photos/7d1c-2015/05/06/converse-crimson-jack-purcellr-signature-ox-product-0-917775317-normal.jpeg"
248,102,2,130,"US 10.5","Leather/Suede",0,0,0,0,"https://images.puma.com/image/upload/f_auto,q_auto,b_rgb:fafafa,w_450,h_450/global/195509/02/sv01/fnd/IND/fmt/png/Clyde-All-Pro-Team-Unisex-Basketball-Shoes","https://images.puma.com/image/upload/f_auto,q_auto,b_rgb:fafafa,w_450,h_450/global/195509/02/sv01/fnd/IND/fmt/png/Clyde-All-Pro-Team-Unisex-Basketball-Shoes"
249,156,2,70,"US 9","Canvas",0,0,0,0,"https://i5.walmartimages.com/asr/97a5cd1d-abd8-4e99-9932-83d66247d761_1.8907fe05425df3e63c78734f94a60914.jpeg","https://i5.walmartimages.com/asr/97a5cd1d-abd8-4e99-9932-83d66247d761_1.8907fe05425df3e63c78734f94a60914.jpeg"
250,70,6,135,"US 9.5","Synthetic/Mesh",0,0,0,0,"https://cdna.lystit.com/1200/630/tr/photos/cettire/1855b33c/new-balance-Yellow-Fresh-Foam-Hierro-V6-Lace-up-Sneakers.jpeg","https://cdna.lystit.com/1200/630/tr/photos/cettire/1855b33c/new-balance-Yellow-Fresh-Foam-Hierro-V6-Lace-up-Sneakers.jpeg"
251,30,11,120,"US 8","Mesh",0,0,0,0,"https://cdna.lystit.com/photos/zappos/93f6cd97/asicsr-Pink-Gel-quantumr-180-5.jpeg","https://cdna.lystit.com/photos/zappos/93f6cd97/asicsr-Pink-Gel-quantumr-180-5.jpeg"
252,47,2,65,"US 11","Leather",0,0,0,0,"https://c.shld.net/rpx/i/s/pi/mp/4311/prod_11839000913?src=http:%2F%2Fd1n4l5ue04vu2w.cloudfront.net%2Fmedia%2Fld3pCJsGX7r3gQUr9e7wogoMHCZrHujR-25.jpg&amp;d=ac7c0eac79a19f7b802565e295d67704c66a8f28&amp;?hei=64&amp;wid=64&amp;qlt=50","https://c.shld.net/rpx/i/s/pi/mp/4311/prod_11839000913?src=http:%2F%2Fd1n4l5ue04vu2w.cloudfront.net%2Fmedia%2Fld3pCJsGX7r3gQUr9e7wogoMHCZrHujR-25.jpg&amp;d=ac7c0eac79a19f7b802565e295d67704c66a8f28&amp;?hei=64&amp;wid=64&amp;qlt=50"
253,131,9,65,"US 6.5","Mesh",0,0,0,0,"https://www.humphriesshoes.co.uk/images/products/standard/11408.jpg","https://www.humphriesshoes.co.uk/images/products/standard/11408.jpg"
254,86,3,120,"US 12","Mesh",0,0,0,0,"https://sneakerbardetroit.com/wp-content/uploads/2021/04/Nike-Air-Zoom-Pegasus-38-Mismatch-DJ3128-001-Release-Date-4-1068x699.jpg","https://sneakerbardetroit.com/wp-content/uploads/2021/04/Nike-Air-Zoom-Pegasus-38-Mismatch-DJ3128-001-Release-Date-4-1068x699.jpg"
255,6,11,130,"US 8.5","Primeknit",0,0,0,0,"https://sneakerbardetroit.com/wp-content/uploads/2018/07/adidas-NMD-R1-Primeknit-Solar-Pink-AQ1104-Release-Date-4.jpg","https://sneakerbardetroit.com/wp-content/uploads/2018/07/adidas-NMD-R1-Primeknit-Solar-Pink-AQ1104-Release-Date-4.jpg"
256,119,2,100,"US 9","Mesh",0,0,0,0,"https://www.runnerinn.com/f/13791/137917587/reebok-floatride-energy-3.0-running-shoes.jpg","https://www.runnerinn.com/f/13791/137917587/reebok-floatride-energy-3.0-running-shoes.jpg"
257,39,5,85,"US 12","Canvas",0,0,0,0,"https://editorialist.com/webcompressed/2022/11/022/514/133/22514133~green_0.jpg","https://editorialist.com/webcompressed/2022/11/022/514/133/22514133~green_0.jpg"
258,99,14,90,"US 9","Mesh",0,0,0,0,"https://cdn.shopify.com/s/files/1/0025/4823/6334/products/19450201_calibrate_runner_puma_white_01_1280x.jpg?v=1616201402","https://cdn.shopify.com/s/files/1/0025/4823/6334/products/19450201_calibrate_runner_puma_white_01_1280x.jpg?v=1616201402"
259,153,2,50,"US 8.5","Canvas",0,0,0,0,"http://cdnb.lystit.com/photos/c1c1-2014/04/04/vans-black-era-black-dual-fabric-suede-and-canvas-sneakers-product-1-18267875-0-278819669-normal.jpeg","http://cdnb.lystit.com/photos/c1c1-2014/04/04/vans-black-era-black-dual-fabric-suede-and-canvas-sneakers-product-1-18267875-0-278819669-normal.jpeg"
260,78,10,130,"US 7.5","Mesh",0,0,0,0,"https://www.runnerinn.com/f/13792/137929366/new-balance-fuelcell-rebel-v2-running-shoes.jpg","https://www.runnerinn.com/f/13792/137929366/new-balance-fuelcell-rebel-v2-running-shoes.jpg"
261,21,6,120,"US 11","Mesh",0,0,0,0,"https://runningnw.com/wp-content/uploads/2020/12/ASICS_GEL_Cumulus_23_10.jpg","https://runningnw.com/wp-content/uploads/2020/12/ASICS_GEL_Cumulus_23_10.jpg"
262,52,14,65,"US 7","Leather/Synthetic",0,0,0,0,"https://www.fila.de/out/pictures/master/product/1/fila_mindblower_men_white_black_vol_1716175_1176.jpg","https://www.fila.de/out/pictures/master/product/1/fila_mindblower_men_white_black_vol_1716175_1176.jpg"
263,140,2,60,"US 8","Mesh",0,0,0,0,"https://shoesales.com.au/media/catalog/product/cache/1/image/9df78eab33525d08d6e5fb8d27136e95/s/k/sk-men-s-skechers-gorun-mojo-2-0-endurable-55123-bkyl_img5e24405a117040.07306810.jpg","https://shoesales.com.au/media/catalog/product/cache/1/image/9df78eab33525d08d6e5fb8d27136e95/s/k/sk-men-s-skechers-gorun-mojo-2-0-endurable-55123-bkyl_img5e24405a117040.07306810.jpg"
264,80,14,90,"US 11","Leather",0,0,0,0,"https://www.kicksonfire.com/wp-content/uploads/2017/07/AIR-FORCE-1-2.jpg?x56094","https://www.kicksonfire.com/wp-content/uploads/2017/07/AIR-FORCE-1-2.jpg?x56094"
265,8,11,140,"US 8.5","Knit",0,0,0,0,"http://sneakernews.com/wp-content/uploads/2017/03/adidas-nmd-r1-primeknit-bb2364-1.jpg","http://sneakernews.com/wp-content/uploads/2017/03/adidas-nmd-r1-primeknit-bb2364-1.jpg"
266,130,2,110,"US 9.5","Mesh/Synthetic",0,0,0,0,"https://cdna.lystit.com/photos/2013/11/28/reebok-whitetarblackpure-silv-mens-zigwild-trail-3-running-sneakers-from-finish-line-product-1-15421946-649959913.jpeg","https://cdna.lystit.com/photos/2013/11/28/reebok-whitetarblackpure-silv-mens-zigwild-trail-3-running-sneakers-from-finish-line-product-1-15421946-649959913.jpeg"
267,41,3,65,"US 7","Canvas",0,0,0,0,"https://cdnb.lystit.com/photos/zappos/7156062-Navy BlueWhite-3964e788-.jpeg","https://cdnb.lystit.com/photos/zappos/7156062-Navy BlueWhite-3964e788-.jpeg"
268,99,6,90,"US 10","Mesh",0,0,0,0,"http://www.ruzeshoes.com/cdn/shop/products/19450302_calibrate_runner_mono_vaporous_gray02_1024x1024.jpg?v=1608666833","http://www.ruzeshoes.com/cdn/shop/products/19450302_calibrate_runner_mono_vaporous_gray02_1024x1024.jpg?v=1608666833"
269,155,2,70,"US 6.5","Canvas/Leather",0,0,0,0,"https://i.pinimg.com/originals/9c/86/1e/9c861e9cdd7477a80e98768e5a35ac78.jpg","https://i.pinimg.com/originals/9c/86/1e/9c861e9cdd7477a80e98768e5a35ac78.jpg"
270,78,14,110,"US 7","Mesh",0,0,0,0,"https://www.prodirectfit.com/productimages/Main/211868_Main_Thumb_0621165.jpg","https://www.prodirectfit.com/productimages/Main/211868_Main_Thumb_0621165.jpg"
271,23,6,85,"US 8","Mesh",0,0,0,0,"https://cdna.lystit.com/1040/1300/n/photos/amazon-prime/a5c21107/asicsr-GreyBlackCarbon-S-Gel-kahana-8-Running-Shoe.jpeg","https://cdna.lystit.com/1040/1300/n/photos/amazon-prime/a5c21107/asicsr-GreyBlackCarbon-S-Gel-kahana-8-Running-Shoe.jpeg"
272,52,14,65,"US 7.5","Leather/Synthetic",0,0,0,0,"https://www.sneakersnstuff.com/images/196404/180418-herrkla-der0078-3.jpg","https://www.sneakersnstuff.com/images/196404/180418-herrkla-der0078-3.jpg"
273,147,2,85,"US 11","Mesh",0,0,0,0,"https://cdna.lystit.com/photos/shoeline/62d1f966/skechers-Black-Max-Cushioning-Elite.jpeg","https://cdna.lystit.com/photos/shoeline/62d1f966/skechers-Black-Max-Cushioning-Elite.jpeg"
274,83,2,150,"US 12","Mesh/Synthetic",0,0,0,0,"https://sneakernews.com/wp-content/uploads/2020/03/Nike-Air-Max-2090-CW7306-001-4.jpg?w=1140","https://sneakernews.com/wp-content/uploads/2020/03/Nike-Air-Max-2090-CW7306-001-4.jpg?w=1140"
275,10,14,85,"US 9.5","Leather",0,0,0,0,"https://images.shoefabs.com/pp-26f4003a/l/366cdc0d15d9bd/Adidas-Mens-Superstar-Leather-Low-Top-Lace-Up-Fashion-Sneakers-White-Core-Black-White-366cdc0d15d9bd.jpg","https://images.shoefabs.com/pp-26f4003a/l/366cdc0d15d9bd/Adidas-Mens-Superstar-Leather-Low-Top-Lace-Up-Fashion-Sneakers-White-Core-Black-White-366cdc0d15d9bd.jpg"
276,123,3,130,"US 10","Synthetic",0,0,0,0,"https://www.mandellossports.gr/image/cache/catalog/media/catalog/product/d/v/dv6352-_2_-1500x1500.jpg","https://www.mandellossports.gr/image/cache/catalog/media/catalog/product/d/v/dv6352-_2_-1500x1500.jpg"
277,44,14,80,"US 9.5","Leather",0,0,0,0,"https://media1.fenom.com/66856-product_large/converse-pro-leather-og-high-whitecourt-green.jpg","https://media1.fenom.com/66856-product_large/converse-pro-leather-og-high-whitecourt-green.jpg"
278,108,11,110,"US 8.5","Mesh",0,0,0,0,"https://images.asos-media.com/products/puma-rs-x3-mesh-pop-sneakers-in-pink-and-cream/21150334-1-pink?$n_640w$&amp;wid=513&amp;fit=constrain","https://images.asos-media.com/products/puma-rs-x3-mesh-pop-sneakers-in-pink-and-cream/21150334-1-pink?$n_640w$&amp;wid=513&amp;fit=constrain"
279,157,2,50,"US 10.5","Canvas",0,0,0,0,"https://sneakerbardetroit.com/wp-content/uploads/2017/10/vans-slip-on-black-white.jpg","https://sneakerbardetroit.com/wp-content/uploads/2017/10/vans-slip-on-black-white.jpg"
280,73,2,165,"US 12","Mesh",0,0,0,0,"https://cdna.lystit.com/1200/630/tr/photos/zappos/a36c85c3/new-balance-Black-Fresh-Foam-More-V3.jpeg","https://cdna.lystit.com/1200/630/tr/photos/zappos/a36c85c3/new-balance-Black-Fresh-Foam-More-V3.jpeg"
281,18,3,90,"US 6.5","Mesh",0,0,0,0,"https://www.bmcsports.ie/images/asics-mens-gt-1000-9-blue-running-shoes-p32748-83334_image.jpg","https://www.bmcsports.ie/images/asics-mens-gt-1000-9-blue-running-shoes-p32748-83334_image.jpg"
282,58,14,65,"US 11","Leather",0,0,0,0,"https://www.fila.de/out/pictures/master/product/1/fila_t1_mid_men_white_1716141_1154.jpg","https://www.fila.de/out/pictures/master/product/1/fila_t1_mid_men_white_1716141_1154.jpg"
283,144,2,60,"US 8.5","Mesh",0,0,0,0,"https://www.crichtonshoes.co.uk/images/skechers-performance-go-walk-5-prized-black-knit-mesh-ladies-trainer-p4004-13554_medium.jpg","https://www.crichtonshoes.co.uk/images/skechers-performance-go-walk-5-prized-black-knit-mesh-ladies-trainer-p4004-13554_medium.jpg"
284,89,5,100,"US 8.5","Leather",0,0,0,0,"https://cdna.lystit.com/1200/630/tr/photos/rooneyshop/dd81bc37/nike-Pine-GreenWhite-Blazer-Mid-77.jpeg","https://cdna.lystit.com/1200/630/tr/photos/rooneyshop/dd81bc37/nike-Pine-GreenWhite-Blazer-Mid-77.jpeg"
285,81,14,90,"US 9.5","Leather",0,0,0,0,"https://cdna.lystit.com/photos/jdsports/4733313a/nike-White-Air-Force-1-Reptile.jpeg","https://cdna.lystit.com/photos/jdsports/4733313a/nike-White-Air-Force-1-Reptile.jpeg"
286,7,2,140,"US 7","Knit",0,0,0,0,"https://static.consortium.co.uk/media/catalog/product/cache/1/image/1000x/af097278c5db4767b0fe9bb92fe21690/a/d/adidas-originals-nmd-r1-primeknit-w-core-black-core-black-shock-pink-cat.jpg","https://static.consortium.co.uk/media/catalog/product/cache/1/image/1000x/af097278c5db4767b0fe9bb92fe21690/a/d/adidas-originals-nmd-r1-primeknit-w-core-black-core-black-shock-pink-cat.jpg"
287,125,2,130,"US 10","Mesh",0,0,0,0,"https://rebelstore.co.za/wp-content/uploads/2021/03/Nano-X1-BlackChalkGold_3.jpg","https://rebelstore.co.za/wp-content/uploads/2021/03/Nano-X1-BlackChalkGold_3.jpg"
288,38,7,85,"US 8.5","Canvas",0,0,0,0,"https://www.thenextsole.com/storage/images/162056C-105.png","https://www.thenextsole.com/storage/images/162056C-105.png"
289,100,6,130,"US 8.5","Mesh",0,0,0,0,"https://img.giglio.com/images/prodZoom/336236.020_1.jpg","https://img.giglio.com/images/prodZoom/336236.020_1.jpg"
290,155,2,70,"US 9.5","Canvas",0,0,0,0,"https://www.surfstitch.com/on/demandware.static/-/Sites-ss-master-catalog/default/dw4bd4e214/images/SSVN-0D5IB8CM/BLACK-MENS-FOOTWEAR-VANS-SKATE-SHOES-SSVN-0D5IB8CM_5.JPG","https://www.surfstitch.com/on/demandware.static/-/Sites-ss-master-catalog/default/dw4bd4e214/images/SSVN-0D5IB8CM/BLACK-MENS-FOOTWEAR-VANS-SKATE-SHOES-SSVN-0D5IB8CM_5.JPG"
291,63,11,80,"US 7","Suede",0,0,0,0,"https://www.sneakerfiles.com/wp-content/uploads/2018/04/new-balance-574-pink-suede.jpg","https://www.sneakerfiles.com/wp-content/uploads/2018/04/new-balance-574-pink-suede.jpg"
292,31,2,120,"US 11","Mesh",0,0,0,0,"https://cdn.idealo.com/folder/Product/201261/7/201261791/s4_produktbild_max_2/asics-gel-quantum-180-6-black-black.jpg","https://cdn.idealo.com/folder/Product/201261/7/201261791/s4_produktbild_max_2/asics-gel-quantum-180-6-black-black.jpg"
293,52,14,65,"US 8","Leather/Synthetic",0,0,0,0,"https://images.urbanoutfitters.com/is/image/UrbanOutfitters/46250155_041_d?$xlarge$&amp;hei=900&amp;qlt=80&amp;fit=constrain","https://images.urbanoutfitters.com/is/image/UrbanOutfitters/46250155_041_d?$xlarge$&amp;hei=900&amp;qlt=80&amp;fit=constrain"
294,147,2,90,"US 7.5","Mesh",0,0,0,0,"https://image.skechers.com/img/productimages/xlarge/128053_BBK.jpg","https://image.skechers.com/img/productimages/xlarge/128053_BBK.jpg"
295,92,3,130,"US 10","Knit",0,0,0,0,"http://sneakerbardetroit.com/wp-content/uploads/2016/04/nike-free-rn-flyknit-gamma-blue-1.jpg","http://sneakerbardetroit.com/wp-content/uploads/2016/04/nike-free-rn-flyknit-gamma-blue-1.jpg"
296,4,2,120,"US 6.5","Mesh",0,0,0,0,"https://www.runnerinn.com/f/13766/137668087_3/adidas-adizero-boston-9.jpg","https://www.runnerinn.com/f/13766/137668087_3/adidas-adizero-boston-9.jpg"
297,128,3,120,"US 9","Mesh",0,0,0,0,"https://sneakernews.com/wp-content/uploads/2021/01/Reebok-Zig-Kinetica-II-Digi-Scape-FX9349-1.jpg?w=1140","https://sneakernews.com/wp-content/uploads/2021/01/Reebok-Zig-Kinetica-II-Digi-Scape-FX9349-1.jpg?w=1140"
298,45,14,110,"US 8.5","Canvas",0,0,0,0,"https://cdna.lystit.com/photos/elcorteingles/d827e04d/converse-White-Run-Star-Hike-Hi-top-Casual-Canvas-Platform-Trainers.jpeg","https://cdna.lystit.com/photos/elcorteingles/d827e04d/converse-White-Run-Star-Hike-Hi-top-Casual-Canvas-Platform-Trainers.jpeg"
299,109,14,80,"US 11","Leather",0,0,0,0,"https://pareshstore.com/wp-content/uploads/2020/12/puma-ralph-sampson-1.jpg","https://pareshstore.com/wp-content/uploads/2020/12/puma-ralph-sampson-1.jpg"
